restaurant,item,calories,cal_fat,total_fat,sat_fat,trans_fat,cholesterol,sodium,total_carb,fiber,sugar,protein,vit_a,vit_c,calcium,salad
Mcdonalds,Artisan Grilled Chicken Sandwich,0.149377593,0.047244094,0.04964539,0.042553191,0,0.118012422,0.180544106,0.282051282,0.176470588,0.126436782,0.194594595,0.022222222,0.05,0.068965517,Other
Mcdonalds,Single Bacon Smokehouse Burger,0.340248963,0.322834646,0.319148936,0.361702128,0.1875,0.161490683,0.258037923,0.397435897,0.117647059,0.206896552,0.243243243,0.033333333,0.05,0.068965517,Other
Mcdonalds,Double Bacon Smokehouse Burger,0.460580913,0.472440945,0.475177305,0.574468085,0.375,0.273291925,0.314097279,0.403846154,0.176470588,0.206896552,0.372972973,0.055555556,0.05,0.172413793,Other
Mcdonalds,Grilled Bacon Smokehouse Chicken Sandwich,0.302904564,0.220472441,0.219858156,0.212765957,0.0625,0.192546584,0.317394889,0.397435897,0.117647059,0.206896552,0.291891892,0.033333333,0.0625,0.068965517,Other
Mcdonalds,Crispy Bacon Smokehouse Chicken Sandwich,0.373443983,0.322834646,0.319148936,0.255319149,0.0625,0.149068323,0.323990107,0.519230769,0.235294118,0.206896552,0.243243243,0.033333333,0.05,0.068965517,Other
Mcdonalds,Big Mac,0.215767635,0.196850394,0.19858156,0.212765957,0.125,0.099378882,0.154163232,0.294871795,0.176470588,0.103448276,0.12972973,0.055555556,0.005,0.051724138,Other
Mcdonalds,Cheeseburger,0.116182573,0.078740157,0.085106383,0.106382979,0.0625,0.049689441,0.109645507,0.211538462,0.117647059,0.08045977,0.075675676,0.055555556,0.005,0.034482759,Other
Mcdonalds,Classic Chicken Sandwich,0.203319502,0.165354331,0.170212766,0.085106383,0,0.080745342,0.169002473,0.314102564,0.176470588,0.068965517,0.12972973,0,0.01,0.006896552,Other
Mcdonalds,Double Cheeseburger,0.170124481,0.149606299,0.14893617,0.234042553,0.125,0.105590062,0.169002473,0.224358974,0.117647059,0.08045977,0.12972973,0.111111111,0.01,0.051724138,Other
Mcdonalds,Double Quarter PounderÂ® with Cheese,0.31120332,0.31496063,0.319148936,0.446808511,0.3125,0.217391304,0.210222589,0.269230769,0.176470588,0.114942529,0.27027027,0.111111111,0.015,0.068965517,Other
Mcdonalds,Filet-O-FishÂ®,0.149377593,0.133858268,0.127659574,0.085106383,0,0.049689441,0.103050289,0.243589744,0.117647059,0.057471264,0.075675676,0.011111111,0,0.051724138,Other
Mcdonalds,Garlic White Cheddar Burger,0.248962656,0.236220472,0.241134752,0.276595745,0.1875,0.118012422,0.127782358,0.307692308,0.176470588,0.126436782,0.167567568,0.055555556,0.025,0.120689655,Other
Mcdonalds,Grilled Garlic White Cheddar Chicken Sandwich,0.211618257,0.141732283,0.141843972,0.14893617,0,0.155279503,0.187139324,0.307692308,0.176470588,0.126436782,0.221621622,0.055555556,0.05,0.120689655,Other
Mcdonalds,Crispy Garlic White Cheddar Chicken Sandwich,0.282157676,0.236220472,0.241134752,0.191489362,0,0.105590062,0.193734542,0.429487179,0.294117647,0.126436782,0.172972973,0.055555556,0.0375,0.120689655,Other
Mcdonalds,Hamburger,0.095435685,0.05511811,0.056737589,0.063829787,0,0.037267081,0.076669415,0.198717949,0.117647059,0.068965517,0.064864865,0.011111111,0.005,0.013793103,Other
Mcdonalds,Lobster Roll,0.112033195,0.039370079,0.035460993,0.031914894,0,0.080745342,0.101401484,0.224358974,0.117647059,0.034482759,0.124324324,0.022222222,0.015,0.051724138,Other
Mcdonalds,Maple Bacon Dijon 1/4 lb Burger,0.257261411,0.25984252,0.255319149,0.29787234,0.1875,0.136645963,0.205276175,0.256410256,0.176470588,0.114942529,0.194594595,0.033333333,0.0375,0.051724138,Other
Mcdonalds,Grilled Maple Bacon Dijon Chicken Sandwich,0.232365145,0.149606299,0.14893617,0.170212766,0,0.167701863,0.309150866,0.320512821,0.176470588,0.16091954,0.254054054,0.022222222,0.075,0.103448276,Other
Mcdonalds,Crispy Maple Bacon Dijon Chicken Sandwich,0.298755187,0.244094488,0.24822695,0.191489362,0.0625,0.118012422,0.291014015,0.442307692,0.294117647,0.16091954,0.205405405,0.022222222,0.05,1,Other
Mcdonalds,McChicken,0.136929461,0.102362205,0.106382979,0.074468085,0,0.049689441,0.09645507,0.256410256,0.117647059,0.057471264,0.075675676,0.011111111,0.005,0.013793103,Other
Mcdonalds,McDouble,0.149377593,0.125984252,0.127659574,0.170212766,0.125,0.086956522,0.136026381,0.217948718,0.117647059,0.08045977,0.118918919,0.055555556,0.005,0.034482759,Other
Mcdonalds,McRib,0.190871369,0.157480315,0.156028369,0.14893617,0,0.099378882,0.140972795,0.288461538,0.117647059,0.137931034,0.12972973,0.011111111,0.005,0.020689655,Other
Mcdonalds,Pico Guacamole 1/4 lb Burger,0.232365145,0.236220472,0.234042553,0.255319149,0.1875,0.118012422,0.149216818,0.262820513,0.235294118,0.08045977,0.151351351,0.044444444,0.0375,0.051724138,Other
Mcdonalds,Grilled Pico Guacamole Chicken Sandwich,0.20746888,0.125984252,0.127659574,0.127659574,0,0.142857143,0.251442704,0.320512821,0.235294118,0.137931034,0.210810811,0.044444444,0.0625,0.103448276,Other
Mcdonalds,Crispy Pico Guacamole Chicken Sandwich,0.273858921,0.220472441,0.226950355,0.14893617,0,0.099378882,0.233305853,0.442307692,0.352941176,0.137931034,0.162162162,0.044444444,0.0375,0.103448276,Other
Mcdonalds,Premium Buttermilk Crispy Chicken Deluxe Sandwich,0.228215768,0.157480315,0.163120567,0.106382979,0,0.074534161,0.170651278,0.41025641,0.235294118,0.126436782,0.145945946,0.022222222,0.025,0.068965517,Other
Mcdonalds,Premium Crispy Chicken Deluxe Sandwich,0.211618257,0.157480315,0.156028369,0.085106383,0,0.055900621,0.162407255,0.378205128,0.176470588,0.149425287,0.12972973,0.033333333,0.025,0.068965517,Other
Mcdonalds,Quarter PounderÂ® with Cheese,0.211618257,0.188976378,0.191489362,0.276595745,0.1875,0.124223602,0.177246496,0.262820513,0.176470588,0.114942529,0.162162162,0.111111111,0.015,0.051724138,Other
Mcdonalds,Signature Sriracha Burger,0.269709544,0.251968504,0.24822695,0.255319149,0.1875,0.118012422,0.164056059,0.358974359,0.235294118,0.149425287,0.167567568,0.111111111,0.0375,0.103448276,Other
Mcdonalds,Grilled Signature Sriracha Chicken Sandwich,0.22406639,0.141732283,0.141843972,0.106382979,0,0.142857143,0.253091509,0.358974359,0.235294118,0.16091954,0.216216216,0.111111111,0.0625,0.103448276,Other
Mcdonalds,Crispy Signature Sriracha Chicken Sandwich,0.294605809,0.236220472,0.234042553,0.14893617,0,0.099378882,0.233305853,0.480769231,0.294117647,0.149425287,0.167567568,0.111111111,0.05,0.103448276,Other
Mcdonalds,Sweet BBQ Bacon 1/4 lb Burger,0.278008299,0.267716535,0.262411348,0.29787234,0.1875,0.136645963,0.213520198,0.326923077,0.176470588,0.16091954,0.2,0.033333333,0.0375,0.051724138,Other
Mcdonalds,Grilled Sweet BBQ Bacon Chicken Sandwich,0.253112033,0.157480315,0.156028369,0.14893617,0,0.167701863,0.315746084,0.391025641,0.235294118,0.206896552,0.254054054,0.022222222,0.075,0.086206897,Other
Mcdonalds,Crispy Sweet BBQ Bacon Chicken Sandwich,0.323651452,0.251968504,0.255319149,0.191489362,0.0625,0.118012422,0.297609233,0.512820513,0.294117647,0.206896552,0.205405405,0.022222222,0.05,0.103448276,Other
Mcdonalds,3 piece Buttermilk Crispy Chicken Tenders,0.145228216,0.149606299,0.14893617,0.074468085,0,0.086956522,0.147568013,0.102564103,0,0,0.145945946,0,0,0.006896552,Other
Mcdonalds,4 piece Buttermilk Crispy Chicken Tenders,0.190871369,0.196850394,0.19858156,0.095744681,0,0.118012422,0.210222589,0.134615385,0,0.011494253,0.2,0,0,0.006896552,Other
Mcdonalds,6 piece Buttermilk Crispy Chicken Tenders,0.307053942,0.307086614,0.312056738,0.170212766,0.0625,0.180124224,0.309150866,0.205128205,0.058823529,0.011494253,0.308108108,0,0,0.006896552,Other
Mcdonalds,10 piece Buttermilk Crispy Chicken Tenders,0.493775934,0.496062992,0.496453901,0.255319149,0.125,0.298136646,0.530090684,0.333333333,0.058823529,0.045977011,0.502702703,0,0,0.013793103,Other
Mcdonalds,12 piece Buttermilk Crispy Chicken Tenders,0.618257261,0.622047244,0.624113475,0.319148936,0.125,0.366459627,0.619126134,0.41025641,0.058823529,0.022988506,0.616216216,0,0.005,0.020689655,Other
Mcdonalds,20 piece Buttermilk Crispy Chicken Tenders,1,1,1,0.510638298,0.25,0.590062112,1,0.66025641,0.117647059,0.034482759,1,0,0.005,0.027586207,Other
Mcdonalds,4 Piece Chicken McNuggets,0.066390041,0.078740157,0.078014184,0.042553191,0,0.037267081,0.05358615,0.070512821,0.058823529,0,0.048648649,0,0.005,0,Other
Mcdonalds,6 Piece Chicken McNuggets,0.10373444,0.11023622,0.113475177,0.053191489,0,0.055900621,0.081615829,0.102564103,0.058823529,0,0.075675676,0,0.005,0,Other
Mcdonalds,10 Piece Chicken McNuggets,0.174273859,0.188976378,0.191489362,0.095744681,0,0.093167702,0.136026381,0.166666667,0.117647059,0,0.124324324,0,0.01,0.006896552,Other
Mcdonalds,20 Piece Chicken McNuggets,0.360995851,0.377952756,0.375886525,0.191489362,0,0.180124224,0.274525969,0.33974359,0.235294118,0,0.259459459,0,0.02,0.013793103,Other
Mcdonalds,40 piece Chicken McNuggets,0.726141079,0.755905512,0.758865248,0.382978723,0.0625,0.366459627,0.553173949,0.673076923,0.411764706,0.011494253,0.524324324,0,0.0375,0.020689655,Other
Mcdonalds,4 piece Sweet N' Spicy Honey BBQ Glazed Tenders,0.257261411,0.188976378,0.191489362,0.085106383,0,0.130434783,0.291014015,0.403846154,0.117647059,0.402298851,0.205405405,0.022222222,0.0375,0.013793103,Other
Mcdonalds,6 piece Sweet N' Spicy Honey BBQ Glazed Tenders,0.390041494,0.283464567,0.283687943,0.127659574,0,0.198757764,0.437757626,0.602564103,0.176470588,0.597701149,0.308108108,0.022222222,0.0625,0.027586207,Other
Mcdonalds,10 piece Sweet N' Spicy Honey BBQ Glazed Tenders,0.65560166,0.472440945,0.468085106,0.212765957,0,0.329192547,0.731244847,1,0.294117647,1,0.518918919,0.044444444,0.1,0.034482759,Other
Mcdonalds,Premium Asian Salad w/o Chicken,0.049792531,0.05511811,0.04964539,0.010638298,0,0,0.000824402,0.083333333,0.294117647,0.08045977,0.032432432,1,0.1125,0.034482759,Other
Mcdonalds,Premium Asian Salad w/ Grilled Chicken,0.10373444,0.062992126,0.063829787,0.021276596,0,0.099378882,0.119538335,0.115384615,0.294117647,0.114942529,0.162162162,1,0.175,0.034482759,Other
Mcdonalds,Premium Asian Salad w/ Crispy Chicken,0.195020747,0.196850394,0.19858156,0.170212766,0,0.118012422,0.18219291,0.179487179,0.235294118,0.045977011,0.172972973,1,0.15,0.051724138,Other
Mcdonalds,Premium Bacon Ranch Salad w/o Chicken,0.070539419,0.086614173,0.085106383,0.106382979,0,0.049689441,0.106347898,0.057692308,0.176470588,0.034482759,0.07027027,1,0.125,0.051724138,Other
Mcdonalds,Premium Bacon Ranch Salad w/ Grilled Chicken,0.124481328,0.094488189,0.09929078,0.127659574,0,0.055900621,0.200329761,0.057692308,0.176470588,0.045977011,0.221621622,1,0.15,0.051724138,Other
Mcdonalds,Premium Bacon Ranch Salad w/ Crispy Chicken,0.195020747,0.196850394,0.19858156,0.170212766,0,0.118012422,0.18219291,0.179487179,0.235294118,0.045977011,0.172972973,1,0.15,0.051724138,Other
Mcdonalds,Premium Southwest Salad w/o Chicken,0.082987552,0.070866142,0.070921986,0.074468085,0,0.01863354,0.079967024,0.166666667,0.352941176,0.103448276,0.037837838,1,0.1,0.068965517,Other
Mcdonalds,Premium Southwest Salad w/ Grilled Chicken,0.136929461,0.078740157,0.085106383,0.095744681,0,0.136645963,0.173948887,0.173076923,0.352941176,0.103448276,0.194594595,1,0.125,0.068965517,Other
Mcdonalds,Premium Southwest Salad w/ Crispy Chicken,0.20746888,0.181102362,0.177304965,0.127659574,0,0.093167702,0.155812036,0.294871795,0.470588235,0.103448276,0.145945946,1,0.1,0.068965517,Other
Chick Fil-A,Chargrilled Chicken Club Sandwich,0.170124481,0.113385827,0.113475177,0.170212766,0,0.105590062,0.18219291,0.237179487,0.176470588,0.08045977,0.194594595,0.166666667,0.1,0.086206897,Other
Chick Fil-A,Chargrilled Chicken Sandwich,0.12033195,0.042519685,0.042553191,0.042553191,0,0.068322981,0.132728772,0.230769231,0.176470588,0.08045977,0.151351351,0.138888889,0.1,0.034482759,Other
Chick Fil-A,Chick-n-Slider,0.10373444,0.077952756,0.078014184,0.053191489,0,0.055900621,0.129431162,0.166666667,0.058823529,0.045977011,0.081081081,0.055555556,0,0.006896552,Other
Chick Fil-A,1 Piece Chick-n-Strips,0.041493776,0.042519685,0.042553191,0.063829787,0,0.031055901,0.050288541,0.038461538,0,0.011494253,0.054054054,0,0,0.006896552,Other
Chick Fil-A,2 Piece Chick-n-Strips,0.087136929,0.08503937,0.085106383,0.063829787,0,0.068322981,0.101401484,0.083333333,0.058823529,0.011494253,0.113513514,0,0.005,0.013793103,Other
Chick Fil-A,3 Piece Chick-n-Strips,0.136929461,0.120472441,0.120567376,0.063829787,0,0.086956522,0.152514427,0.141025641,0.058823529,0.034482759,0.145945946,0.011111111,0.005,0.020689655,Other
Chick Fil-A,4 piece Chick-n-Strips,0.186721992,0.162992126,0.163120567,0.063829787,0,0.111801242,0.20362737,0.185897436,0.058823529,0.045977011,0.194594595,0.011111111,0.01,0.027586207,Other
Chick Fil-A,Chicken Deluxe,0.199170124,0.162992126,0.163120567,0.14893617,0,0.093167702,0.259686727,0.269230769,0.176470588,0.068965517,0.162162162,0.166666667,0.025,0.068965517,Other
Chick Fil-A,4 piece Chicken Nuggets,0.045643154,0.042519685,0.042553191,0.031914894,0,0.049689441,0.078318219,0.032051282,0.058823529,0,0.07027027,0,0.005,0.006896552,Other
Chick Fil-A,6 piece Chicken Nuggets,0.070539419,0.063779528,0.063829787,0.031914894,0,0.068322981,0.11788953,0.044871795,0.058823529,0,0.108108108,0,0.01,0.006896552,Other
Chick Fil-A,8 piece Chicken Nuggets,0.099585062,0.086614173,0.085106383,0.063829787,0,0.086956522,0.16075845,0.057692308,0.058823529,0.011494253,0.145945946,0,0.005,0.013793103,Other
Chick Fil-A,12 piece Chicken Nuggets,0.153526971,0.127559055,0.127659574,0.031914894,0,0.142857143,0.238252267,0.08974359,0.117647059,0.011494253,0.216216216,0,0.02,0.013793103,Other
Chick Fil-A,30 piece Chicken Nuggets,0.394190871,0.325984252,0.326241135,0.053191489,0,0.354037267,0.600989283,0.224358974,0.235294118,0.011494253,0.551351351,0.055555556,0.05,0.034482759,Other
Chick Fil-A,Chicken Salad Sandwich,0.195020747,0.133858268,0.134751773,0.063829787,0,0.099378882,0.183841715,0.352564103,0.294117647,0.137931034,0.145945946,0.194444444,0.02,0.051724138,Other
Chick Fil-A,Chicken Sandwich,0.174273859,0.134645669,0.134751773,0.085106383,0,0.074534161,0.220115416,0.256410256,0.117647059,0.057471264,0.145945946,0.011111111,0.01,0.051724138,Other
Chick Fil-A,4 Piece Grilled Chicken Nuggets,0.020746888,0.014173228,0.014184397,0.021276596,0,0.043478261,0.033800495,0.006410256,0,0,0.064864865,0,0.015,0,Other
Chick Fil-A,6 Piece Grilled Chicken Nuggets,0.037344398,0.021259843,0.021276596,0.021276596,0,0.062111801,0.051937345,0.012820513,0,0,0.097297297,0,0.02,0,Other
Chick Fil-A,8 piece Grilled Chicken Nuggets,0.049792531,0.028346457,0.028368794,0.021276596,0,0.086956522,0.070074196,0.012820513,0,0,0.12972973,0,0.025,0.006896552,Other
Chick Fil-A,12 Piece Grilled Chicken Nuggets,0.078838174,0.035433071,0.035460993,0.021276596,0,0.124223602,0.107996702,0.019230769,0,0.011494253,0.2,0,0.05,0.006896552,Other
Chick Fil-A,Spicy Grilled Chicken Sub Sandwich,0.170124481,0.08503937,0.085106383,0.095744681,0,0.105590062,0.213520198,0.301282051,0.294117647,0.103448276,0.172972973,0.055555556,0.0625,0.086206897,Other
Chick Fil-A,Regular Grilled Chicken Sub Sandwich,0.178423237,0.092125984,0.092198582,0.127659574,0,0.093167702,0.162407255,0.307692308,0.235294118,0.114942529,0.178378378,0.055555556,0.125,0.086206897,Other
Chick Fil-A,Smokehouse BBQ Bacon Sandwich,0.199170124,0.127559055,0.127659574,0,0,0.118012422,0.195383347,0.294871795,0.117647059,0.114942529,0.172972973,0.25,0.1,0.068965517,Other
Chick Fil-A,Spicy Chicken Sandwich,0.178423237,0.134645669,0.134751773,0.085106383,0,0.074534161,0.264633141,0.262820513,0.058823529,0.057471264,0.151351351,0.022222222,0.005,0.051724138,Other
Chick Fil-A,Spicy Deluxe,0.215767635,0.177165354,0.177304965,0.170212766,0,0.099378882,0.287716406,0.275641026,0.117647059,0.068965517,0.178378378,0.166666667,0.025,0.103448276,Other
Chick Fil-A,Chargrilled Chicken Cool Wrap,0.136929461,0.099212598,0.09929078,0.106382979,0,0.074534161,0.155812036,0.185897436,0.882352941,0.034482759,0.194594595,0.333333333,0.0875,0.120689655,Other
Chick Fil-A,Chicken Enchiladas Meal Kit,0.348547718,0.333070866,0.333333333,0.340425532,0.125,0.124223602,0.413025556,0.448717949,0.176470588,0.091954023,0.205405405,0.055555556,0.025,0.068965517,Other
Chick Fil-A,Chicken Parmesan Meal Kit,0.290456432,0.219685039,0.219858156,0.319148936,0,0.149068323,0.291014015,0.416666667,0.176470588,0.08045977,0.254054054,0.055555556,0.025,0.068965517,Other
Sonic,Hatch Green Chile Cheeseburger,0.286307054,0.299212598,0.304964539,0.361702128,0.25,0.149068323,0.18219291,0.282051282,0.117647059,0.08045977,0.183783784,0.055555556,0.0625,0.103448276,Other
Sonic,Jalapeno Burger,0.257261411,0.25984252,0.262411348,0.29787234,0.25,0.124223602,0.150865622,0.269230769,0.117647059,0.068965517,0.162162162,0.022222222,0.005,0.068965517,Other
Sonic,Jr. Burger,0.132780083,0.118110236,0.120567376,0.127659574,0.125,0.043478261,0.103050289,0.217948718,0.058823529,0.068965517,0.075675676,0.011111111,0.01,0.020689655,Other
Sonic,Jr. Chili Cheeseburger,0.161825726,0.173228346,0.170212766,0.191489362,0.0625,0.068322981,0.11788953,0.205128205,0.058823529,0.045977011,0.102702703,0.038888889,0.0025,0.051724138,Other
Sonic,Jr. Deluxe Burger,0.149377593,0.157480315,0.163120567,0.127659574,0.125,0.049689441,0.07502061,0.205128205,0.058823529,0.045977011,0.075675676,0.011111111,0.01,0.020689655,Other
Sonic,Jr. Deluxe Cheeseburger,0.178423237,0.196850394,0.19858156,0.191489362,0.125,0.074534161,0.129431162,0.211538462,0.058823529,0.045977011,0.097297297,0.033333333,0.01,0.051724138,Other
Sonic,Jr. Double Cheeseburger,0.2406639,0.275590551,0.269503546,0.340425532,0.25,0.136645963,0.220115416,0.224358974,0.058823529,0.08045977,0.162162162,0.083333333,0.01,0.086206897,Other
Sonic,Sonic Bacon Cheeseburger (w/mayo),0.352697095,0.417322835,0.418439716,0.425531915,0.25,0.173913043,0.220115416,0.288461538,0.117647059,0.08045977,0.205405405,0.055555556,0.02,0.103448276,Other
Sonic,Sonic Burger W/ Mustard,0.257261411,0.25984252,0.262411348,0.29787234,0.25,0.124223602,0.127782358,0.275641026,0.117647059,0.08045977,0.162162162,0.033333333,0.02,0.068965517,Other
Sonic,Sonic Burger W/ Ketchup,0.261410788,0.267716535,0.262411348,0.29787234,0.25,0.124223602,0.13932399,0.294871795,0.117647059,0.114942529,0.167567568,0.044444444,0.025,0.068965517,Other
Sonic,Sonic Burger W/ Mayonnaise,0.298755187,0.338582677,0.340425532,0.319148936,0.25,0.136645963,0.122835944,0.282051282,0.117647059,0.08045977,0.162162162,0.033333333,0.02,0.068965517,Other
Sonic,Sonic Cheeseburger W/ Mustard,0.286307054,0.299212598,0.304964539,0.361702128,0.25,0.149068323,0.18219291,0.275641026,0.117647059,0.08045977,0.183783784,0.055555556,0.02,0.103448276,Other
Sonic,Sonic Cheeseburger W/ Ketchup,0.290456432,0.299212598,0.304964539,0.361702128,0.25,0.149068323,0.193734542,0.301282051,0.117647059,0.114942529,0.183783784,0.083333333,0.025,0.103448276,Other
Sonic,Sonic Cheeseburger W/ Mayonnaise,0.323651452,0.377952756,0.382978723,0.382978723,0.25,0.161490683,0.177246496,0.282051282,0.117647059,0.08045977,0.183783784,0.055555556,0.02,0.103448276,Other
Sonic,Super Sonic Bacon Double Cheeseburger (w/mayo),0.522821577,0.653543307,0.65248227,0.765957447,0.5,0.322981366,0.266281946,0.282051282,0.117647059,0.08045977,0.356756757,0.083333333,0.015,0.137931034,Other
Sonic,Super Sonic Double Cheeseburger W/ Mustard,0.456431535,0.535433071,0.539007092,0.680851064,0.5,0.291925466,0.253091509,0.282051282,0.117647059,0.091954023,0.335135135,0.083333333,0.02,0.137931034,Other
Sonic,Super Sonic Double Cheeseburger W/ Ketchup,0.460580913,0.535433071,0.539007092,0.680851064,0.5,0.291925466,0.264633141,0.301282051,0.117647059,0.126436782,0.335135135,0.111111111,0.025,0.137931034,Other
Sonic,Super Sonic Double Cheeseburger W/ Mayo,0.497925311,0.614173228,0.617021277,0.723404255,0.5,0.304347826,0.248145095,0.288461538,0.117647059,0.091954023,0.335135135,0.083333333,0.02,0.137931034,Other
Sonic,Super Sonic Jalapeno Double Cheeseburger,0.456431535,0.535433071,0.539007092,0.680851064,0.5,0.291925466,0.276174773,0.275641026,0.117647059,0.08045977,0.335135135,0.083333333,0.005,0.137931034,Other
Sonic,Veggie Burger W/ Ketchup,0.178423237,0.102362205,0.09929078,0.085106383,0,0.01242236,0.230008244,0.429487179,0.294117647,0.126436782,0.075675676,0.033333333,0.02,0.086206897,Other
Sonic,Veggie Burger With Mustard,0.178423237,0.102362205,0.09929078,0.085106383,0,0.01242236,0.220115416,0.41025641,0.294117647,0.091954023,0.075675676,0.033333333,0.02,0.093103448,Other
Sonic,Veggie Burger W/ Mustard,0.178423237,0.102362205,0.09929078,0.085106383,0,0.01242236,0.211871393,0.41025641,0.294117647,0.091954023,0.075675676,0.033333333,0.02,0.086206897,Other
Sonic,Grilled Asiago Caesar Chicken Club Sandwich,0.244813278,0.212598425,0.212765957,0.14893617,0,0.136645963,0.256389118,0.282051282,0.176470588,0.091954023,0.210810811,0.061111111,0.05,0.055172414,Other
Sonic,Crispy Asiago Caesar Chicken Club Sandwich,0.273858921,0.275590551,0.276595745,0.191489362,0,0.099378882,0.18219291,0.33974359,0.235294118,0.08045977,0.162162162,0.061111111,0.0175,0.055172414,Other
Sonic,Grilled Chicken Sandwich,0.170124481,0.141732283,0.141843972,0.085106383,0,0.099378882,0.152514427,0.211538462,0.117647059,0.068965517,0.145945946,0.033333333,0.02,0.034482759,Other
Sonic,Crispy Chicken Sandwich,0.228215768,0.236220472,0.234042553,0.106382979,0,0.055900621,0.172300082,0.301282051,0.235294118,0.068965517,0.118918919,0.033333333,0.02,0.034482759,Other
Sonic,Chicken Strip Sandwich,0.178423237,0.173228346,0.170212766,0.085106383,0,0.043478261,0.119538335,0.275641026,0.058823529,0.045977011,0.097297297,0,0,0.013793103,Other
Sonic,3 Piece Crispy Chicken Tender Dinner,0.107883817,0.102362205,0.09929078,0.053191489,0,0,0.129431162,0.102564103,0,0,0.113513514,0.055555556,0.025,0.068965517,Other
Sonic,5 Piece Crispy Chicken Tender Dinner,0.186721992,0.173228346,0.170212766,0.095744681,0,0,0.218466612,0.166666667,0,0,0.194594595,0.055555556,0.025,0.068965517,Other
Sonic,Deluxe Ultimate Chicken Sandwich,0.298755187,0.275590551,0.276595745,0.170212766,0,0.111801242,0.253091509,0.403846154,0.235294118,0.137931034,0.172972973,0.055555556,0.02,0.051724138,Other
Sonic,Buffalo Dunked Ultimate Chicken Sandwich,0.406639004,0.433070866,0.432624113,0.255319149,0.0625,0.155279503,0.74278648,0.448717949,0.294117647,0.137931034,0.118918919,0.055555556,0.025,0.068965517,Other
Sonic,Garlic Parmesan Dunked Ultimate Chicken Sandwich,0.55186722,0.708661417,0.709219858,0.361702128,0,0.236024845,0.3569662,0.442307692,0.235294118,0.114942529,0.118918919,0.055555556,0.025,0.068965517,Other
Sonic,Small Jumbo Popcorn Chicken,0.149377593,0.149606299,0.156028369,0.085106383,0,0.055900621,0.20362737,0.173076923,0.176470588,0.011494253,0.091891892,0,0,0.006896552,Other
Sonic,Large Jumbo Popcorn Chicken,0.22406639,0.228346457,0.226950355,0.127659574,0.125,0.080745342,0.309150866,0.262820513,0.294117647,0.022988506,0.140540541,0,0,0.013793103,Other
Sonic,Small Spicy Jumbo Popcorn Chicken,0.136929461,0.118110236,0.120567376,0.063829787,0,0.055900621,0.13932399,0.192307692,0.117647059,0,0.108108108,0.055555556,0,0.006896552,Other
Sonic,Large Spicy Jumbo Popcorn Chicken,0.244813278,0.212598425,0.212765957,0.106382979,0,0.099378882,0.244847486,0.326923077,0.176470588,0,0.189189189,0.094444444,0,0.010344828,Other
Sonic,3 Piece Super Crunch Chicken Strip Dinner,0.394190871,0.322834646,0.326241135,0.170212766,0.125,0.068322981,0.35366859,0.698717949,0.411764706,0.103448276,0.156756757,0.005555556,0.015,0.044827586,Other
Sonic,4 Piece Super Crunch Chicken Strip Dinner,0.439834025,0.362204724,0.361702128,0.191489362,0.125,0.093167702,0.391591096,0.756410256,0.470588235,0.103448276,0.194594595,0.005555556,0.0175,0.044827586,Other
Sonic,5 Piece Super Crunch Chicken Strip Dinner,0.485477178,0.401574803,0.404255319,0.212765957,0.125,0.111801242,0.427864798,0.807692308,0.470588235,0.103448276,0.232432432,0.011111111,0.02,0.048275862,Other
Sonic,3 Piece Super Crunch Chicken Strips,0.128630705,0.11023622,0.113475177,0.063829787,0,0.068322981,0.107996702,0.16025641,0.117647059,0,0.113513514,0.005555556,0.005,0.003448276,Other
Sonic,4 Piece Super Crunch Chicken Strips,0.174273859,0.149606299,0.14893617,0.085106383,0,0.086956522,0.145919209,0.217948718,0.117647059,0.011494253,0.151351351,0.005555556,0.005,0.003448276,Other
Sonic,5 Piece Super Crunch Chicken Strips,0.219917012,0.188976378,0.184397163,0.106382979,0,0.111801242,0.18219291,0.269230769,0.176470588,0.011494253,0.189189189,0.005555556,0.0075,0.006896552,Other
Sonic,Traditional Ultimate Chicken Sandwich,0.294605809,0.275590551,0.276595745,0.170212766,0,0.111801242,0.251442704,0.397435897,0.176470588,0.126436782,0.167567568,0.022222222,0.005,0.051724138,Other
Sonic,Ultimate Chicken Club,0.033195021,0.456692913,0.453900709,0.319148936,0.0625,0.124223602,0.338829349,0.416666667,0.235294118,0.137931034,0.205405405,0.083333333,0.02,0.103448276,Other
Sonic,"All Beef All-american Style Dog â€“ 6""",0.145228216,0.125984252,0.127659574,0.14893617,0,0.049689441,0.192085738,0.256410256,0.058823529,0.172413793,0.059459459,0.011111111,0.01,0.027586207,Other
Sonic,"All Beef Chicago Dog â€“ 6""",0.170124481,0.141732283,0.141843972,0.14893617,0,0.049689441,0.37840066,0.314102564,0.058823529,0.195402299,0.07027027,0.022222222,0.015,0.034482759,Other
Sonic,"All Beef Chili Cheese Coney â€“ 6""",0.161825726,0.181102362,0.184397163,0.234042553,0,0.080745342,0.185490519,0.192307692,0.117647059,0.045977011,0.086486486,0.055555556,0.005,0.068965517,Other
Sonic,"All Beef New York Dog â€“ 6""",0.132780083,0.133858268,0.134751773,0.14893617,0,0.049689441,0.20362737,0.192307692,0.176470588,0.045977011,0.064864865,0.011111111,0.025,0.027586207,Other
Sonic,"All Beef Regular Hot Dog â€“ 6""",0.124481328,0.125984252,0.127659574,0.14893617,0,0.049689441,0.140972795,0.173076923,0.058823529,0.034482759,0.054054054,0,0.005,0.027586207,Other
Sonic,Cheesy Bacon Pretzel Dog - 6 In.,0.199170124,0.188976378,0.184397163,0.212765957,0,0.062111801,0.230008244,0.294871795,0.117647059,0.08045977,0.075675676,0.005555556,0.0075,0.027586207,Other
Sonic,Corn Dog,0.078838174,0.078740157,0.078014184,0.085106383,0,0.02484472,0.084913438,0.147435897,0.117647059,0.045977011,0.027027027,0,0,0.013793103,Other
Sonic,Footlong Quarter Pound Coney,0.336099585,0.385826772,0.382978723,0.468085106,0.125,0.105590062,0.317394889,0.346153846,0.176470588,0.103448276,0.156756757,0.083333333,0.01,0.103448276,Other
Sonic,The Original Pretzel Dog,0.124481328,0.125984252,0.127659574,0.14893617,0,0.043478261,0.147568013,0.173076923,0.058823529,0.022988506,0.054054054,0,0,0.013793103,Other
Arbys,Arby's Melt,0.128630705,0.078740157,0.078014184,0.085106383,0,0.037267081,0.149216818,0.256410256,0.117647059,0.057471264,0.091891892,0.011111111,0,0.027586207,Other
Arbys,Arby-Q Sandwich,0.157676349,0.070866142,0.070921986,0.063829787,0,0.037267081,0.200329761,0.371794872,0.176470588,0.264367816,0.091891892,0.022222222,0.025,0.034482759,Other
Arbys,Beef 'n Cheddar Classic,0.178423237,0.141732283,0.141843972,0.127659574,0.125,0.062111801,0.208573784,0.288461538,0.117647059,0.103448276,0.118918919,0.011111111,0.005,0.051724138,Other
Arbys,Beef 'n Cheddar Mid,0.253112033,0.228346457,0.226950355,0.234042553,0.1875,0.124223602,0.343775763,0.307692308,0.117647059,0.103448276,0.205405405,0.011111111,0.005,0.051724138,Other
Arbys,Bourbon BBQ Brisket Sandwich,0.261410788,0.236220472,0.234042553,0.255319149,0.125,0.130434783,0.238252267,0.326923077,0.117647059,0.172413793,0.2,0.055555556,0.025,0.068965517,Other
Arbys,Bourbon BBQ Chicken Sandwich,0.278008299,0.220472441,0.219858156,0.191489362,0,0.111801242,0.325638912,0.423076923,0.176470588,0.183908046,0.2,0.055555556,0.025,0.068965517,Other
Arbys,Bourbon BBQ Steak Sandwich,0.278008299,0.220472441,0.219858156,0.191489362,0,0.111801242,0.325638912,0.423076923,0.176470588,0.183908046,0.2,0.055555556,0.025,0.068965517,Other
Arbys,Buttermilk Buffalo Chicken Sandwich,0.215767635,0.173228346,0.170212766,0.095744681,0,0.074534161,0.345424567,0.33974359,0.117647059,0.068965517,0.151351351,0.055555556,0.025,0.068965517,Other
Arbys,Buttermilk Chicken Bacon & Swiss,0.261410788,0.220472441,0.219858156,0.191489362,0,0.111801242,0.286067601,0.358974359,0.117647059,0.103448276,0.205405405,0.055555556,0.025,0.068965517,Other
Arbys,Buttermilk Chicken Cordon Bleu Sandwich,0.278008299,0.244094488,0.24822695,0.212765957,0,0.136645963,0.327287716,0.33974359,0.058823529,0.08045977,0.216216216,0.055555556,0.025,0.068965517,Other
Arbys,Buttermilk Crispy Chicken Sandwich,0.219917012,0.181102362,0.184397163,0.095744681,0,0.074534161,0.241549876,0.333333333,0.117647059,0.068965517,0.151351351,0.055555556,0.025,0.068965517,Other
Arbys,Classic French Dip & Swiss/Au Jus,0.215767635,0.165354331,0.163120567,0.234042553,0.125,0.105590062,0.409727947,0.320512821,0.117647059,0.034482759,0.183783784,0.011111111,0.02,0.051724138,Other
Arbys,Classic Roast Beef,0.141078838,0.094488189,0.09929078,0.106382979,0.0625,0.062111801,0.157460841,0.237179487,0.117647059,0.057471264,0.118918919,0,0,0.020689655,Other
Arbys,Double Roast Beef,0.203319502,0.165354331,0.170212766,0.191489362,0.1875,0.118012422,0.262984336,0.243589744,0.117647059,0.057471264,0.2,0,0,0.020689655,Other
Arbys,Fire-Roasted Philly Steak,0.257261411,0.228346457,0.226950355,0.234042553,0.0625,0.130434783,0.319043693,0.294871795,0.176470588,0.045977011,0.221621622,0.055555556,0.025,0.068965517,Other
Arbys,Grand Turkey Club,0.190871369,0.173228346,0.170212766,0.14893617,0,0.080745342,0.262984336,0.237179487,0.117647059,0.103448276,0.156756757,0.083333333,0.025,0.051724138,Other
Arbys,Greek Gyro,0.286307054,0.307086614,0.312056738,0.276595745,0,0.093167702,0.221764221,0.352564103,0.235294118,0.068965517,0.118918919,0.055555556,0.025,0.068965517,Other
Arbys,Half Pound Beef 'n Cheddar Sandwich,0.298755187,0.275590551,0.276595745,0.29787234,0.25,0.161490683,0.414674361,0.307692308,0.117647059,0.103448276,0.259459459,0.055555556,0.025,0.068965517,Other
Arbys,Half Pound French Dip & Swiss,0.302904564,0.25984252,0.255319149,0.361702128,0.25,0.186335404,0.54987634,0.326923077,0.117647059,0.034482759,0.291891892,0.055555556,0.025,0.068965517,Other
Arbys,Half Pound Roast Beef Sandwich,0.244813278,0.212598425,0.212765957,0.255319149,0.25,0.161490683,0.333882935,0.243589744,0.117647059,0.057471264,0.254054054,0.055555556,0.025,0.068965517,Other
Arbys,Ham & Swiss Melt,0.116182573,0.062992126,0.063829787,0.085106383,0,0.043478261,0.167353669,0.237179487,0.117647059,0.068965517,0.091891892,0.011111111,0,0.051724138,Other
Arbys,Loaded Italian Sandwich,0.273858921,0.283464567,0.283687943,0.29787234,0.0625,0.124223602,0.371805441,0.314102564,0.176470588,0.08045977,0.167567568,0.055555556,0.025,0.068965517,Other
Arbys,Pecan Chicken Salad Flatbread,0.286307054,0.322834646,0.326241135,0.14893617,0.0625,0.080745342,0.159109646,0.33974359,0.235294118,0.103448276,0.113513514,0.055555556,0.025,0.068965517,Other
Arbys,Pecan Chicken Salad Sandwich,0.340248963,0.31496063,0.312056738,0.127659574,0.0625,0.093167702,0.197032152,0.519230769,0.352941176,0.229885057,0.172972973,0.055555556,0.02,0.086206897,Other
Arbys,2 piece Prime-Cut Chicken Tenders,0.091286307,0.078740157,0.078014184,0.031914894,0,0.037267081,0.103050289,0.121794872,0.058823529,0,0.081081081,0,0,0.006896552,Other
Arbys,3 piece Prime-Cut Chicken Tenders,0.141078838,0.118110236,0.120567376,0.053191489,0,0.055900621,0.154163232,0.179487179,0.117647059,0,0.118918919,0,0.01,0.006896552,Other
Arbys,5 piece Prime-Cut Chicken Tenders,0.2406639,0.196850394,0.19858156,0.085106383,0,0.093167702,0.259686727,0.301282051,0.176470588,0,0.205405405,0,0.02,0.006896552,Other
Arbys,Reuben Sandwich,0.273858921,0.220472441,0.219858156,0.170212766,0.0625,0.099378882,0.39653751,0.397435897,0.235294118,0.057471264,0.194594595,0.033333333,0.05,0.120689655,Other
Arbys,Roast Beef Gyro,0.219917012,0.204724409,0.205673759,0.14893617,0.125,0.074534161,0.210222589,0.307692308,0.176470588,0.057471264,0.124324324,0.055555556,0.0375,0.034482759,Other
Arbys,Roast Turkey & Swiss Sandwich,0.286307054,0.204724409,0.19858156,0.14893617,0,0.080745342,0.315746084,0.506410256,0.294117647,0.172413793,0.2,0.111111111,0.025,0.155172414,Other
Arbys,Roast Turkey & Swiss Wrap,0.20746888,0.188976378,0.191489362,0.191489362,0,0.080745342,0.26793075,0.25,0.235294118,0.068965517,0.156756757,0.111111111,0.025,0.120689655,Other
Arbys,"Roast Turkey, Ranch & Bacon Sandwich",0.323651452,0.244094488,0.241134752,0.212765957,0.0625,0.099378882,0.39653751,0.506410256,0.294117647,0.183908046,0.237837838,0.111111111,0.025,0.155172414,Other
Arbys,"Roast Turkey, Ranch & Bacon Wrap",0.248962656,0.244094488,0.241134752,0.234042553,0.0625,0.105590062,0.348722176,0.25,0.235294118,0.068965517,0.194594595,0.111111111,0.025,0.103448276,Other
Arbys,Smoke Mountain w/ Beef Short Rib,0.298755187,0.251968504,0.24822695,0.276595745,0.125,0.155279503,0.335531739,0.397435897,0.235294118,0.195402299,0.227027027,0.055555556,0.025,0.068965517,Other
Arbys,Smokehouse Beef Short Rib Sandwich,0.236514523,0.196850394,0.418439716,0.212765957,0.125,0.093167702,0.24649629,0.378205128,0.235294118,0.16091954,0.135135135,0.055555556,0.025,0.068965517,Other
Arbys,Smokehouse Brisket,0.2406639,0.244094488,0.24822695,0.255319149,0.125,0.136645963,0.201978566,0.269230769,0.117647059,0.08045977,0.172972973,0.022222222,0.02,0.068965517,Other
Arbys,Super Roast Beef,0.170124481,0.125984252,0.120567376,0.106382979,0.125,0.055900621,0.172300082,0.288461538,0.176470588,0.126436782,0.118918919,0.055555556,0.025,0.027586207,Other
Arbys,Three Cheese Steak Sandwich,0.261410788,0.251968504,0.255319149,0.319148936,0.125,0.142857143,0.287716406,0.282051282,0.117647059,0.103448276,0.156756757,0.055555556,0.025,0.068965517,Other
Arbys,Triple Decker Sandwich,0.419087137,0.361417323,0.361702128,0.361702128,0.125,0.192546584,0.48227535,0.532051282,0.294117647,0.218390805,0.32972973,0.055555556,0.025,0.068965517,Other
Arbys,Turkey Avocado Club,0.294605809,0.198425197,0.19858156,0.127659574,0,0.080745342,0.350370981,0.512820513,0.352941176,0.183908046,0.216216216,0.055555556,0.025,0.068965517,Other
Arbys,Turkey Gyro,0.186721992,0.141732283,0.141843972,0.074468085,0,0.055900621,0.248145095,0.307692308,0.176470588,0.057471264,0.12972973,0.055555556,0.0375,0.034482759,Other
Arbys,Ultimate BLT,0.398340249,0.38976378,0.390070922,0.29787234,0,0.105590062,0.348722176,0.512820513,0.352941176,0.218390805,0.227027027,0.055555556,0.025,0.068965517,Other
Arbys,Buffalo Chicken Slider,0.112033195,0.094488189,0.092198582,0.042553191,0,0.02484472,0.13932399,0.198717949,0.117647059,0.022988506,0.059459459,0.055555556,0.025,0.068965517,Other
Arbys,Chicken Tender 'n Cheese Slider,0.112033195,0.086614173,0.085106383,0.074468085,0,0.031055901,0.116240725,0.192307692,0.058823529,0.011494253,0.075675676,0.055555556,0.025,0.068965517,Other
Arbys,Corned Beef 'n Cheese Slider,0.082987552,0.062992126,0.063829787,0.074468085,0,0.037267081,0.144270404,0.134615385,0.058823529,0.011494253,0.07027027,0.055555556,0.025,0.068965517,Other
Arbys,Ham 'n Cheese Slider,0.078838174,0.05511811,0.056737589,0.063829787,0,0.031055901,0.126133553,0.134615385,0.058823529,0.022988506,0.064864865,0.055555556,0.025,0.068965517,Other
Arbys,Jalapeno Roast Beef 'n Cheese Slider,0.091286307,0.070866142,0.078014184,0.095744681,0,0.037267081,0.107996702,0.134615385,0.058823529,0.011494253,0.07027027,0.055555556,0.025,0.068965517,Other
Arbys,Pizza Slider,0.116182573,0.118110236,0.120567376,0.127659574,0,0.043478261,0.150865622,0.147435897,0.058823529,0.022988506,0.064864865,0.055555556,0.025,0.068965517,Other
Arbys,Roast Beef 'n Cheese Slider,0.091286307,0.070866142,0.078014184,0.095744681,0,0.037267081,0.107996702,0.134615385,0.058823529,0.011494253,0.07027027,0.055555556,0.025,0.068965517,Other
Arbys,Turkey 'n Cheese Slider,0.074688797,0.047244094,0.04964539,0.053191489,0,0.031055901,0.122835944,0.134615385,0.058823529,0.022988506,0.07027027,0.055555556,0.025,0.068965517,Other
Arbys,Chopped Side Salad,0.020746888,0.035433071,0.035460993,0.053191489,0,0.01863354,0.014014839,0.025641026,0.058823529,0.022988506,0.021621622,0.194444444,0.025,0.034482759,Other
Arbys,Crispy Chicken Farmhouse Salad,0.170124481,0.173228346,0.170212766,0.170212766,0,0.080745342,0.162407255,0.166666667,0.235294118,0.045977011,0.145945946,0.333333333,0.05,0.086206897,Other
Arbys,Greek Gyro Salad,0.165975104,0.267716535,0.262411348,0.191489362,0,0.068322981,0.112943116,0.070512821,0.117647059,0.045977011,0.048648649,0.055555556,0.025,0.068965517,Other
Arbys,Roast Turkey Farmhouse Salad,0.087136929,0.094488189,0.092198582,0.14893617,0,0.068322981,0.140972795,0.051282051,0.117647059,0.057471264,0.113513514,0.333333333,0.05,0.086206897,Other
Arbys,Super Greek Salad,0.290456432,0.377952756,0.375886525,0.319148936,0,0.105590062,0.213520198,0.25,0.294117647,0.08045977,0.113513514,0.055555556,0.025,0.068965517,Other
Burger King,American Brewhouse King,0.634854772,0.892913386,0.893617021,1,1,1,0.297609233,0.134615385,0.176470588,0.08045977,0.718918919,0.055555556,0.025,0.068965517,Other
Burger King,Bacon & Swiss Sourdough King,0.406639004,0.460629921,0.460992908,0.510638298,0.375,0.248447205,0.215169002,0.307692308,0.117647059,0.091954023,0.297297297,0.055555556,0.025,0.068965517,Other
Burger King,Bacon Cheeseburger,0.128630705,0.11023622,0.113475177,0.14893617,0,0.068322981,0.134377576,0.205128205,0.058823529,0.08045977,0.091891892,0.055555556,0.025,0.068965517,Other
Burger King,Bacon Cheeseburger Deluxe,0.112033195,0.094488189,0.09929078,0.127659574,0.0625,0.049689441,0.116240725,0.179487179,0.058823529,0.08045977,0.059459459,0.055555556,0.025,0.068965517,Other
Burger King,Bacon King,0.423236515,0.496062992,0.340425532,0.595744681,0.3125,0.273291925,0.31079967,0.307692308,0.058823529,0.114942529,0.302702703,0.055555556,0.025,0.068965517,Other
Burger King,Bacon King Jr,0.294605809,0.276377953,0.276595745,0.191489362,0,0.111801242,0.315746084,0.403846154,0,0.183908046,0.167567568,0.055555556,0.025,0.068965517,Other
Burger King,BBQ Bacon King,0.44813278,0.531496063,0.531914894,0.617021277,0.375,0.273291925,0.302555647,0.326923077,0.176470588,0.149425287,0.302702703,0.055555556,0.025,0.068965517,Other
Burger King,Cheeseburger,0.116182573,0.102362205,0.09929078,0.127659574,0,0.055900621,0.114591921,0.179487179,0.058823529,0.068965517,0.081081081,0.055555556,0.025,0.068965517,Other
Burger King,Double Bacon Cheeseburger,0.20746888,0.220472441,0.219858156,0.29787234,0.125,0.130434783,0.192085738,0.211538462,0.058823529,0.091954023,0.162162162,0.055555556,0.025,0.068965517,Other
Burger King,Double Cheeseburger,0.178423237,0.181102362,0.184397163,0.255319149,0.125,0.118012422,0.155812036,0.185897436,0.058823529,0.068965517,0.135135135,0.055555556,0.025,0.068965517,Other
Burger King,Double Hamburger,0.141078838,0.125984252,0.127659574,0.170212766,0,0.086956522,0.083264633,0.179487179,0.058823529,0.068965517,0.113513514,0.055555556,0.025,0.068965517,Other
Burger King,Double Quarter Pound King,0.365145228,0.382677165,0.382978723,0.531914894,0.375,0.260869565,0.284418796,0.320512821,0.117647059,0.126436782,0.297297297,0.055555556,0.025,0.068965517,Other
Burger King,Extra Long Cheeseburger,0.232365145,0.236220472,0.234042553,0.276595745,0.1875,0.105590062,0.167353669,0.288461538,0.117647059,0.103448276,0.135135135,0.055555556,0.025,0.068965517,Other
Burger King,Farmhouse King,0.497925311,0.566929134,0.567375887,0.595744681,0.375,0.416149068,0.335531739,0.397435897,0.176470588,0.172413793,0.127027027,0.055555556,0.025,0.068965517,Other
Burger King,Hamburger,0.099585062,0.070866142,0.070921986,0.085106383,0,0.043478261,0.078318219,0.179487179,0.058823529,0.068965517,0.064864865,0.055555556,0.025,0.068965517,Other
Burger King,Homestyle Cheeseburger,0.219917012,0.196850394,0.191489362,0.255319149,0.1875,0.118012422,0.185490519,0.307692308,0.117647059,0.114942529,0.156756757,0.055555556,0.025,0.068965517,Other
Burger King,Jalapeno King Sandwich,0.402489627,0.460629921,0.460992908,0.510638298,0.375,0.254658385,0.253091509,0.294871795,0.117647059,0.08045977,0.291891892,0.055555556,0.025,0.068965517,Other
Burger King,Mushroom & Swiss King,0.381742739,0.446456693,0.446808511,0.446808511,0.3125,0.217391304,0.22506183,0.288461538,0.176470588,0.091954023,0.259459459,0.055555556,0.025,0.068965517,Other
Burger King,Rodeo Burger,0.12033195,0.086614173,0.092198582,0.085106383,0.0625,0.031055901,0.071723001,0.243589744,0.058823529,0.103448276,0.043243243,0.055555556,0.025,0.068965517,Other
Burger King,Rodeo King,0.510373444,0.581102362,0.581560284,0.659574468,0.4375,0.285714286,0.371805441,0.442307692,0.176470588,0.16091954,0.318918919,0.055555556,0.025,0.068965517,Other
Burger King,Sourdough King Single,0.294605809,0.304724409,0.304964539,0.340425532,0.1875,0.155279503,0.256389118,0.333333333,0.117647059,0.137931034,0.183783784,0.055555556,0.025,0.068965517,Other
Burger King,Sourdough King Double,0.394190871,0.432283465,0.432624113,0.510638298,0.375,0.254658385,0.26793075,0.333333333,0.117647059,0.137931034,0.291891892,0.055555556,0.025,0.068965517,Other
Burger King,Steakhouse King,0.44813278,0.524409449,0.524822695,0.510638298,0.125,0.223602484,0.264633141,0.378205128,0.176470588,0.149425287,0.264864865,0.055555556,0.025,0.068965517,Other
Burger King,Bacon & Cheese Whopper,0.31120332,0.34015748,0.340425532,0.340425532,0.25,0.118012422,0.221764221,0.301282051,0.117647059,0.103448276,0.151351351,0.055555556,0.025,0.068965517,Other
Burger King,DOUBLE WHOPPER w/o Cheese,0.365145228,0.401574803,0.404255319,0.404255319,0.25,0.173913043,0.170651278,0.326923077,0.176470588,0.126436782,0.248648649,0.055555556,0.025,0.068965517,Other
Burger King,DOUBLE WHOPPER w/ Cheese,0.402489627,0.456692913,0.460992908,0.510638298,0.25,0.198757764,0.241549876,0.33974359,0.176470588,0.126436782,0.275675676,0.055555556,0.025,0.068965517,Other
Burger King,WHOPPER w/o Cheese,0.265560166,0.283464567,0.283687943,0.255319149,0.1875,0.111801242,0.159109646,0.314102564,0.117647059,0.126436782,0.145945946,0.055555556,0.025,0.068965517,Other
Burger King,WHOPPER w/ Cheese,0.307053942,0.338582677,0.333333333,0.340425532,0.125,0.124223602,0.230008244,0.33974359,0.176470588,0.126436782,0.172972973,0.055555556,0.025,0.068965517,Other
Burger King,WHOPPER JR. w/o Cheese,0.132780083,0.133858268,0.134751773,0.106382979,0,0.049689441,0.081615829,0.179487179,0.117647059,0.068965517,0.07027027,0.055555556,0.025,0.068965517,Other
Burger King,WHOPPER JR. w/ Cheese,0.149377593,0.165354331,0.163120567,0.170212766,0.125,0.068322981,0.11788953,0.185897436,0.117647059,0.068965517,0.081081081,0.055555556,0.025,0.068965517,Other
Burger King,Bacon Cheddar Ranch Chicken Salad w/ grilled Chicken & Dressing,0.236514523,0.283464567,0.283687943,0.255319149,0,0.186335404,0.251442704,0.115384615,0.176470588,0.068965517,0.221621622,0.055555556,0.025,0.068965517,Other
Burger King,Bacon Cheddar Ranch Chicken Salad w/ crispy Chicken & Dressing,0.290456432,0.354330709,0.354609929,0.276595745,0,0.149068323,0.320692498,0.205128205,0.294117647,0.08045977,0.189189189,0.055555556,0.025,0.068965517,Other
Burger King,Chicken BLT Salad w/ Grilled Chicken,0.219917012,0.25984252,0.262411348,0.212765957,0,0.142857143,0.26793075,0.108974359,0.176470588,0.057471264,0.189189189,0.055555556,0.025,0.068965517,Other
Burger King,Chicken BLT Salad w/ Crispy Chicken,0.278008299,0.338582677,0.340425532,0.255319149,0.125,0.124223602,0.286067601,0.198717949,0.235294118,0.091954023,0.183783784,0.055555556,0.025,0.068965517,Other
Burger King,Chicken Caesar Salad w/ Grilled Chicken,0.211618257,0.228346457,0.226950355,0.106382979,0,0.118012422,0.26793075,0.166666667,0.176470588,0.068965517,0.183783784,0.055555556,0.025,0.068965517,Other
Burger King,Chicken Caesar Salad w/ Crispy Chicken,0.269709544,0.299212598,0.304964539,0.14893617,0,0.099378882,0.287716406,0.256410256,0.294117647,0.091954023,0.178378378,0.055555556,0.025,0.068965517,Other
Burger King,"Chicken, Apple & Cranberry Salad w/ Grilled Chicken",0.22406639,0.212598425,0.212765957,0.14893617,0,0.111801242,0.159109646,0.256410256,0.235294118,0.390804598,0.151351351,0.055555556,0.025,0.068965517,Other
Burger King,"Chicken, Apple & Cranberry Salad w/ Crispy Chicken",0.282157676,0.291338583,0.290780142,0.191489362,0,0.099378882,0.177246496,0.346153846,0.294117647,0.425287356,0.145945946,0.055555556,0.025,0.068965517,Other
Burger King,"Garden Grilled Chicken Salad w/ Grilled Chicken, no dressing",0.124481328,0.094488189,0.09929078,0.127659574,0,0.142857143,0.104699093,0.102564103,0.117647059,0.045977011,0.189189189,0.055555556,0.025,0.068965517,Other
Burger King,"Garden Grilled Chicken Salad w/ Crispy Chicken, no dressing",0.178423237,0.173228346,0.170212766,0.14893617,0,0.105590062,0.173948887,0.192307692,0.294117647,0.068965517,0.151351351,0.055555556,0.025,0.068965517,Other
Burger King,Side Caesar Salad with dressing,0.082987552,0.141732283,0.141843972,0.085106383,0,0.01242236,0.086562242,0.044871795,0.117647059,0.034482759,0.027027027,0.055555556,0.025,0.068965517,Other
Burger King,Side Garden Salad and Avocado Ranch Dressing,0.087136929,0.149606299,0.14893617,0.106382979,0,0.037267081,0.083264633,0.044871795,0.117647059,0.034482759,0.021621622,0.055555556,0.025,0.068965517,Other
Burger King,Bacon Cheddar Ranch Crispy Chicken Sandwich,0.336099585,0.368503937,0.368794326,0.29787234,0.0625,0.136645963,0.343775763,0.365384615,0.176470588,0.103448276,0.178378378,0.055555556,0.025,0.068965517,Other
Burger King,BBQ Bacon Crispy Chicken Sandwich,0.174273859,0.191338583,0.191489362,0.095744681,0,0.01863354,0.101401484,0.282051282,0.176470588,0.149425287,0.032432432,0.055555556,0.025,0.068965517,Other
Burger King,Big Fish Sandwich,0.211618257,0.196850394,0.191489362,0.095744681,0,0.037267081,0.221764221,0.346153846,0.117647059,0.08045977,0.086486486,0.055555556,0.025,0.068965517,Other
Burger King,BK VEGGIE Burger,0.161825726,0.118110236,0.113475177,0.063829787,0,0.00621118,0.167353669,0.282051282,0.411764706,0.091954023,0.113513514,0.055555556,0.025,0.068965517,Other
Burger King,Chicken Burger,0.190871369,0.173228346,0.177304965,0.053191489,0,0.00621118,0.188788129,0.269230769,0.117647059,0.114942529,0.113513514,0.055555556,0.025,0.068965517,Other
Burger King,Chicken Cordon Bleu Sandwich,0.294605809,0.276377953,0.276595745,0.191489362,0,0.111801242,0.315746084,0.403846154,0.176470588,0.183908046,0.167567568,0.055555556,0.025,0.068965517,Other
Burger King,Chicken Fries,0.112033195,0.118110236,0.120567376,0.063829787,0.1875,0.049689441,0.126133553,0.115384615,0.058823529,0.011494253,0.081081081,0.055555556,0.025,0.068965517,Other
Burger King,4 Piece Chicken Nuggets,0.070539419,0.078740157,0.078014184,0.042553191,0,0.031055901,0.048639736,0.064102564,0.058823529,0,0.048648649,0.055555556,0.025,0.068965517,Other
Burger King,6 Piece Chicken Nuggets,0.112033195,0.118110236,0.120567376,0.063829787,0,0.049689441,0.073371805,0.096153846,0.058823529,0,0.075675676,0.055555556,0.025,0.068965517,Other
Burger King,20 Piece Chicken Nuggets,0.385892116,0.393700787,0.390070922,0.234042553,0,0.161490683,0.249793899,0.320512821,0.294117647,0,0.27027027,0.055555556,0.025,0.068965517,Other
Burger King,Chicken Nuggets (10pc),0.186721992,0.204724409,0.205673759,0.106382979,0,0.062111801,0.144270404,0.217948718,0.294117647,0,0.108108108,0.055555556,0.025,0.068965517,Other
Burger King,Chicken Parmesan Sandwich,0.228215768,0.177165354,0.177304965,0.170212766,0,0.086956522,0.218466612,0.365384615,0.176470588,0.103448276,0.167567568,0.055555556,0.025,0.068965517,Other
Burger King,Crispy Buffalo Chicken Melt,0.232365145,0.198425197,0.19858156,0.170212766,0.0625,0.086956522,0.37840066,0.358974359,0.176470588,0.091954023,0.156756757,0.055555556,0.025,0.068965517,Other
Burger King,Crispy Chicken Jr.,0.170124481,0.196850394,0.19858156,0.095744681,0,0.037267081,0.122835944,0.217948718,0.117647059,0.045977011,0.059459459,0.055555556,0.025,0.068965517,Other
Burger King,Crispy Chicken Sandwich,0.269709544,0.291338583,0.290780142,0.14893617,0.0625,0.074534161,0.173948887,0.346153846,0.117647059,0.08045977,0.118918919,0.055555556,0.025,0.068965517,Other
Burger King,Grilled Chicken Sandwich,0.186721992,0.133858268,0.134751773,0.074468085,0,0.105590062,0.137675185,0.25,0.117647059,0.068965517,0.194594595,0.055555556,0.025,0.068965517,Other
Burger King,Grilled Chili Cheese Dog,0.128630705,0.133858268,0.134751773,0.170212766,0.125,0.049689441,0.159109646,0.179487179,0.117647059,0.057471264,0.07027027,0.055555556,0.025,0.068965517,Other
Burger King,Grilled Hot Dog,0.12033195,0.11023622,0.113475177,0.127659574,0.125,0.037267081,0.155812036,0.205128205,0.117647059,0.114942529,0.054054054,0.055555556,0.025,0.068965517,Other
Burger King,Jalapeno Chicken Fries,0.116182573,0.125984252,0.127659574,0.063829787,0,0.049689441,0.154163232,0.121794872,0.058823529,0.011494253,0.075675676,0.055555556,0.025,0.068965517,Other
Burger King,Original Chicken Sandwich,0.253112033,0.275590551,0.276595745,0.14893617,0.125,0.080745342,0.226710635,0.294871795,0.176470588,0.045977011,0.124324324,0.055555556,0.025,0.068965517,Other
Burger King,Pretzel Chicken Fries,0.132780083,0.148818898,0.14893617,0.074468085,0,0.055900621,0.195383347,0.134615385,0.058823529,0.011494253,0.081081081,0.055555556,0.025,0.068965517,Other
Burger King,Rodeo Crispy Chicken Sandwich,0.161825726,0.118110236,0.120567376,0.063829787,0,0.02484472,0.140972795,0.33974359,0.117647059,0.16091954,0.059459459,0.055555556,0.025,0.068965517,Other
Burger King,Sourdough Chicken Club,0.340248963,0.361417323,0.361702128,0.255319149,0.125,0.118012422,0.287716406,0.397435897,0.176470588,0.08045977,0.167567568,0.055555556,0.025,0.068965517,Other
Burger King,4 Piece Spicy Chicken Nuggets,0.078838174,0.106299213,0.106382979,0.063829787,0,0.02484472,0.091508656,0.070512821,0.117647059,0,0.037837838,0.055555556,0.025,0.068965517,Other
Burger King,Spicy Chicken Nuggets,0.211618257,0.262204724,0.262411348,0.14893617,0,0.068322981,0.231657049,0.179487179,0.176470588,0,0.102702703,0.055555556,0.025,0.068965517,Other
Burger King,Spicy Crispy Chicken Jr.,0.161825726,0.173228346,0.177304965,0.095744681,0,0.043478261,0.137675185,0.224358974,0.117647059,0.057471264,0.059459459,0.055555556,0.025,0.068965517,Other
Burger King,Spicy Crispy Chicken Sandwich,0.282157676,0.297637795,0.29787234,0.14893617,0,0.080745342,0.185490519,0.365384615,0.176470588,0.091954023,0.12972973,0.055555556,0.025,0.068965517,Other
Burger King,Spicy Crispy Jalapeno Chicken Sandwich,0.307053942,0.318897638,0.319148936,0.234042553,0,0.118012422,0.281121187,0.371794872,0.176470588,0.091954023,0.167567568,0.055555556,0.025,0.068965517,Other
Dairy Queen,1/2 lb. FlameThrowerÂ® GrillBurger,0.406639004,0.519685039,0.524822695,0.553191489,0.25,0.211180124,0.262984336,0.256410256,0.117647059,0.103448276,0.243243243,0.138888889,0.02,0.103448276,Other
Dairy Queen,1/2 lb. GrillBurger with Cheese,0.323651452,0.362204724,0.361702128,0.425531915,0.25,0.167701863,0.208573784,0.282051282,0.176470588,0.149425287,0.210810811,0.138888889,0.015,0.120689655,Other
Dairy Queen,1/4 lb. Bacon Cheese GrillBurger,0.253112033,0.25984252,0.262411348,0.276595745,0.125,0.118012422,0.20362737,0.282051282,0.117647059,0.149425287,0.156756757,0.111111111,0.015,0.086206897,Other
Dairy Queen,1/4 lb. GrillBurger with Cheese,0.215767635,0.212598425,0.212765957,0.234042553,0.125,0.086956522,0.165704864,0.282051282,0.176470588,0.149425287,0.118918919,0.111111111,0.015,0.086206897,Other
Dairy Queen,1/4 lb. Mushroom Swiss GrillBurger,0.228215768,0.244094488,0.24822695,0.234042553,0.125,0.093167702,0.132728772,0.25,0.117647059,0.091954023,0.124324324,0.011111111,0,0.086206897,Other
Dairy Queen,Original Cheeseburger,0.157676349,0.125984252,0.127659574,0.191489362,0.125,0.080745342,0.150865622,0.217948718,0.058823529,0.091954023,0.097297297,0.055555556,0,0.034482759,Other
Dairy Queen,Original Double Cheeseburger,0.253112033,0.244094488,0.241134752,0.382978723,0.25,0.155279503,0.201978566,0.217948718,0.058823529,0.103448276,0.178378378,0.083333333,0,0.068965517,Other
Dairy Queen,4 Piece Chicken Strip Basket w/ Country Gravy,0.419087137,0.377952756,0.375886525,0.191489362,0.125,0.099378882,0.455894477,0.673076923,0.529411765,0.045977011,0.183783784,0.011111111,0,0.034482759,Other
Dairy Queen,6 Piece Chicken Strip Basket w/ Country Gravy,0.514522822,0.464566929,0.468085106,0.234042553,0.125,0.149068323,0.574608409,0.775641026,0.705882353,0.045977011,0.259459459,0.011111111,0,0.034482759,Other
Dairy Queen,Bacon Cheese Dog,0.165975104,0.188976378,0.184397163,0.234042553,0.125,0.074534161,0.185490519,0.166666667,0.058823529,0.034482759,0.097297297,0.055555556,0.025,0.068965517,Other
Dairy Queen,Cheese Dog,0.153526971,0.173228346,0.170212766,0.234042553,0.125,0.062111801,0.162407255,0.166666667,0.058823529,0.034482759,0.081081081,0.055555556,0.025,0.068965517,Other
Dairy Queen,Chili Cheese Dog,0.149377593,0.173228346,0.170212766,0.234042553,0.125,0.068322981,0.145919209,0.147435897,0.058823529,0.034482759,0.081081081,0.055555556,0,0.051724138,Other
Dairy Queen,Chili Dog,0.128630705,0.141732283,0.141843972,0.170212766,0.125,0.049689441,0.170651278,0.153846154,0.058823529,0.057471264,0.064864865,0.044444444,0,0.020689655,Other
Dairy Queen,Hot Dog,0.112033195,0.125984252,0.120567376,0.14893617,0.125,0.043478261,0.145919209,0.141025641,0.058823529,0.045977011,0.054054054,0.022222222,0,0.020689655,Other
Dairy Queen,Relish Dog,0.136929461,0.141732283,0.141843972,0.170212766,0.125,0.043478261,0.162407255,0.192307692,0.058823529,0.068965517,0.064864865,0.055555556,0.025,0.068965517,Other
Dairy Queen,Barbecue Pork Sandwich,0.12033195,0.062992126,0.063829787,0.063829787,0,0.062111801,0.134377576,0.262820513,0.117647059,0.103448276,0.086486486,0.055555556,0.01,0.013793103,Other
Dairy Queen,Breaded Mushrooms,0.095435685,0.062992126,0.063829787,0.021276596,0,0,0.079967024,0.230769231,0.117647059,0.011494253,0.032432432,0,0.005,0.006896552,Other
Dairy Queen,Regular Cheese Curds,0.219917012,0.322834646,0.319148936,0.531914894,0,0.186335404,0.145919209,0,0,0,0.183783784,0.166666667,0,0.344827586,Other
Dairy Queen,Large Cheese Curds,0.427385892,0.527559055,0.531914894,0.914893617,0.125,0.223602484,0.361912613,0.333333333,0,0.344827586,0.227027027,0.055555556,0.025,0.068965517,Other
Dairy Queen,Chili Cheese Mega Dog,0.307053942,0.346456693,0.34751773,0.446808511,0.25,0.124223602,0.256389118,0.307692308,0.117647059,0.068965517,0.167567568,0.055555556,0.025,0.068965517,Other
Dairy Queen,Corn Dog,0.099585062,0.11023622,0.106382979,0.085106383,0,0.02484472,0.071723001,0.166666667,0.058823529,0.08045977,0.027027027,0,0.01,0,Other
Dairy Queen,Crispy Fish Sandwich,0.186721992,0.157480315,0.156028369,0.063829787,0,0.02484472,0.197032152,0.33974359,0.117647059,0.08045977,0.086486486,0.055555556,0.005,0.020689655,Other
Dairy Queen,Deluxe Cheeseburger,0.157676349,0.125984252,0.127659574,0.191489362,0.125,0.080745342,0.150865622,0.224358974,0.058823529,0.103448276,0.102702703,0.111111111,0.015,0.034482759,Other
Dairy Queen,Deluxe Double Cheeseburger,0.257261411,0.244094488,0.241134752,0.382978723,0.25,0.155279503,0.201978566,0.224358974,0.058823529,0.103448276,0.178378378,0.138888889,0.015,0.068965517,Other
Dairy Queen,Deluxe Double Hamburger,0.215767635,0.188976378,0.184397163,0.276595745,0.125,0.124223602,0.121187139,0.217948718,0.058823529,0.103448276,0.151351351,0.083333333,0.015,0.013793103,Other
Dairy Queen,Deluxe Hamburger,0.136929461,0.102362205,0.09929078,0.14893617,0.125,0.062111801,0.109645507,0.217948718,0.058823529,0.103448276,0.086486486,0.083333333,0.015,0.013793103,Other
Dairy Queen,DQ UltimateÂ® Burger,0.315352697,0.338582677,0.340425532,0.468085106,0.25,0.186335404,0.226710635,0.217948718,0.058823529,0.08045977,0.216216216,0.111111111,0.015,0.068965517,Other
Dairy Queen,Pork Tenderloin Sandwich,0.232365145,0.244094488,0.241134752,0.14893617,0,0.055900621,0.147568013,0.307692308,0.117647059,0.068965517,0.097297297,0.055555556,0.025,0.068965517,Other
Dairy Queen,Steak Finger Basket,0.369294606,0.338582677,0.340425532,0.276595745,0.0625,0.055900621,0.361912613,0.608974359,0.294117647,0.022988506,0.118918919,0.055555556,0.025,0.068965517,Other
Dairy Queen,3 chicken strips Chicken Strips,0.136929461,0.141732283,0.141843972,0.063829787,0,0.074534161,0.155812036,0.141025641,0.588235294,0,0.113513514,0.055555556,0.025,0.068965517,Other
Dairy Queen,Chicken Bacon Ranch Sandwich,0.199170124,0.141732283,0.141843972,0.170212766,0,0.080745342,0.193734542,0.288461538,0.176470588,0.034482759,0.172972973,0.055555556,0.025,0.068965517,Other
Dairy Queen,Chicken Mozzarella Sandwich,0.257261411,0.173228346,0.177304965,0.170212766,0,0.074534161,0.249793899,0.435897436,0.235294118,0.034482759,0.178378378,0.055555556,0.025,0.068965517,Other
Dairy Queen,Crispy Chicken BLT Salad,0.20746888,0.220472441,0.219858156,0.212765957,0,0.124223602,0.239901072,0.16025641,0.529411765,0.068965517,0.194594595,0.055555556,0.025,0.068965517,Other
Dairy Queen,Crispy Chicken Garden Greens Salad,0.107883817,0.094488189,0.092198582,0.042553191,0,0.049689441,0.107996702,0.153846154,0.529411765,0.068965517,0.086486486,0.055555556,0.025,0.068965517,Other
Dairy Queen,Crispy Chicken Sandwich,0.2406639,0.212598425,0.212765957,0.106382979,0,0.068322981,0.20362737,0.378205128,0.411764706,0.091954023,0.124324324,0.055555556,0.015,0.051724138,Other
Dairy Queen,Crispy Chicken Wrap,0.136929461,0.149606299,0.14893617,0.106382979,0,0.043478261,0.132728772,0.192307692,0.117647059,0.011494253,0.059459459,0.055555556,0.005,0.034482759,Other
Dairy Queen,Grilled Chicken BLT Salad,0.149377593,0.133858268,0.134751773,0.191489362,0,0.124223602,0.251442704,0.070512821,0.176470588,0.068965517,0.221621622,0.055555556,0.025,0.068965517,Other
Dairy Queen,Grilled Chicken Garden Greens Salad,0.053941909,0.015748031,0.014184397,0.010638298,0,0.049689441,0.11788953,0.064102564,0.176470588,0.068965517,0.118918919,0.055555556,0.025,0.068965517,Other
Dairy Queen,Grilled Chicken Sandwich,0.141078838,0.11023622,0.106382979,0.063829787,0,0.062111801,0.169002473,0.205128205,0.058823529,0.057471264,0.12972973,0.055555556,0.02,0.020689655,Other
Dairy Queen,Grilled Chicken Wrap,0.107883817,0.102362205,0.106382979,0.085106383,0,0.037267081,0.129431162,0.141025641,0.058823529,0.011494253,0.075675676,0.055555556,0.01,0.034482759,Other
Dairy Queen,Side Salad,0,0,0,0,0,0,0,0.032051282,0.117647059,0.034482759,0,0.277777778,0.075,0.051724138,Other
Dairy Queen,Turkey BLT Sandwich,0.219917012,0.188976378,0.184397163,0.170212766,0,0.074534161,0.231657049,0.288461538,0.176470588,0.034482759,0.156756757,0.055555556,0.025,0.068965517,Other
Subway,"6"" B.L.T.",0.124481328,0.062992126,0.063829787,0.085106383,0,0.02484472,0.109645507,0.275641026,0.294117647,0.068965517,0.075675676,0.044444444,0.02,0.103448276,Other
Subway,Footlong B.L.T.,0.257261411,0.125984252,0.127659574,0.170212766,0,0.049689441,0.221764221,0.551282051,0.588235294,0.137931034,0.156756757,0.088888889,0.04,0.206896552,Other
Subway,"6"" BBQ Rib Sandwich",0.170124481,0.125984252,0.127659574,0.127659574,0,0.062111801,0.094806265,0.301282051,0.294117647,0.091954023,0.097297297,0.044444444,0.05,0.103448276,Other
Subway,Footlong BBQ Rib Sandwich,0.348547718,0.251968504,0.255319149,0.255319149,0,0.124223602,0.192085738,0.602564103,0.588235294,0.183908046,0.2,0.088888889,0.1,0.206896552,Other
Subway,"6"" Big Hot Pastrami",0.232365145,0.244094488,0.219858156,0.234042553,0,0.105590062,0.239901072,0.301282051,0.294117647,0.08045977,0.151351351,0.055555556,0.1125,0.137931034,Other
Subway,Footlong Big Hot Pastrami,0.473029046,0.488188976,0.439716312,0.468085106,0,0.211180124,0.48227535,0.602564103,0.588235294,0.16091954,0.308108108,0.111111111,0.225,0.275862069,Other
Subway,"6"" Big Philly Cheesesteak",0.199170124,0.118110236,0.120567376,0.191489362,0.125,0.105590062,0.213520198,0.326923077,0.352941176,0.091954023,0.2,0.083333333,0.05,0.172413793,Other
Subway,Footlong Big Philly Cheesesteak,0.406639004,0.236220472,0.241134752,0.382978723,0.25,0.211180124,0.429513603,0.653846154,0.705882353,0.183908046,0.405405405,0.166666667,0.1,0.344827586,Other
Subway,Kids Mini Sub Black Forest Ham,0.066390041,0.015748031,0.021276596,0.010638298,0,0.01242236,0.071723001,0.192307692,0.176470588,0.057471264,0.048648649,0.033333333,0.0375,0.068965517,Other
Subway,"6"" Black Forest Ham",0.112033195,0.031496063,0.035460993,0.021276596,0,0.02484472,0.134377576,0.294871795,0.294117647,0.091954023,0.091891892,0.044444444,0.05,0.103448276,Other
Subway,Footlong Black Forest Ham,0.232365145,0.062992126,0.070921986,0.042553191,0,0.049689441,0.271228359,0.58974359,0.588235294,0.183908046,0.189189189,0.088888889,0.1,0.206896552,Other
Subway,"6"" Carved Turkey",0.128630705,0.035433071,0.035460993,0.021276596,0,0.055900621,0.144270404,0.288461538,0.294117647,0.08045977,0.12972973,0.044444444,0.05,0.103448276,Other
Subway,Footlong Carved Turkey,0.265560166,0.070866142,0.070921986,0.042553191,0,0.111801242,0.291014015,0.576923077,0.588235294,0.16091954,0.264864865,0.088888889,0.1,0.206896552,Other
Subway,"6"" Carved Turkey & Bacon w/ Cheese",0.228215768,0.181102362,0.184397163,0.14893617,0,0.086956522,0.261335532,0.294871795,0.294117647,0.091954023,0.172972973,0.055555556,0.05,0.137931034,Other
Subway,Footlong Carved Turkey & Bacon w/ Cheese,0.46473029,0.362204724,0.368794326,0.29787234,0,0.173913043,0.52514427,0.58974359,0.588235294,0.183908046,0.351351351,0.111111111,0.1,0.275862069,Other
Subway,"6"" Chicken & Bacon Ranch Melt",0.228215768,0.196850394,0.19858156,0.212765957,0.125,0.118012422,0.175597692,0.301282051,0.294117647,0.091954023,0.183783784,0.083333333,0.0625,0.172413793,Other
Subway,Footlong Chicken & Bacon Ranch Melt,0.46473029,0.393700787,0.397163121,0.425531915,0.25,0.236024845,0.35366859,0.602564103,0.588235294,0.183908046,0.372972973,0.166666667,0.125,0.344827586,Other
Subway,"6"" Chicken Pizziola Melt",0.182572614,0.11023622,0.113475177,0.127659574,0,0.099378882,0.185490519,0.314102564,0.352941176,0.103448276,0.167567568,0.083333333,0.075,0.155172414,Other
Subway,Footlong Chicken Pizziola Melt,0.373443983,0.220472441,0.226950355,0.255319149,0,0.198757764,0.373454246,0.628205128,0.705882353,0.206896552,0.340540541,0.166666667,0.15,0.310344828,Other
Subway,"6"" Cold Cut Combo",0.145228216,0.094488189,0.092198582,0.085106383,0,0.062111801,0.185490519,0.294871795,0.294117647,0.08045977,0.091891892,0.055555556,0.05,0.120689655,Other
Subway,Footlong Cold Cut Combo,0.298755187,0.188976378,0.184397163,0.170212766,0,0.124223602,0.373454246,0.58974359,0.588235294,0.16091954,0.189189189,0.111111111,0.1,0.24137931,Other
Subway,"6"" Corned Beef Reuben",0.186721992,0.102362205,0.106382979,0.095744681,0,0.105590062,0.28936521,0.288461538,0.411764706,0.137931034,0.205405405,0.055555556,0.0875,0.068965517,Other
Subway,Footlong Corned Beef Reuben,0.381742739,0.204724409,0.212765957,0.191489362,0,0.211180124,0.581203627,0.576923077,0.823529412,0.275862069,0.416216216,0.111111111,0.175,0.137931034,Other
Subway,"6"" Italian B.M.T.",0.161825726,0.118110236,0.113475177,0.127659574,0,0.055900621,0.211871393,0.294871795,0.294117647,0.091954023,0.102702703,0.044444444,0.05,0.103448276,Other
Subway,Footlong Italian B.M.T.,0.331950207,0.236220472,0.226950355,0.255319149,0,0.111801242,0.426215993,0.58974359,0.588235294,0.183908046,0.210810811,0.088888889,0.1,0.206896552,Other
Subway,"6"" Italian Hero",0.219917012,0.204724409,0.205673759,0.212765957,0,0.093167702,0.239901072,0.301282051,0.294117647,0.103448276,0.135135135,0.055555556,0.05,0.137931034,Other
Subway,Footlong Italian Hero,0.44813278,0.409448819,0.411347518,0.425531915,0,0.186335404,0.48227535,0.602564103,0.588235294,0.206896552,0.275675676,0.111111111,0.1,0.275862069,Other
Subway,"6"" Meatball Marinara",0.190871369,0.125984252,0.127659574,0.14893617,0.125,0.037267081,0.154163232,0.378205128,0.470588235,0.137931034,0.108108108,0.138888889,0.0875,0.120689655,Other
Subway,Footlong Meatball Marinara,0.390041494,0.251968504,0.255319149,0.29787234,0.25,0.074534161,0.31079967,0.756410256,0.941176471,0.275862069,0.221621622,0.277777778,0.175,0.24137931,Other
Subway,"6"" Oven Roasted Chicken",0.124481328,0.031496063,0.035460993,0.042553191,0,0.031055901,0.103050289,0.301282051,0.294117647,0.091954023,0.118918919,0.044444444,0.075,0.103448276,Other
Subway,Footlong Oven Roasted Chicken,0.257261411,0.062992126,0.070921986,0.085106383,0,0.062111801,0.208573784,0.282051282,0.588235294,0.183908046,0.243243243,0.088888889,0.15,0.206896552,Other
Subway,Kids Mini Sub Roast Beef,0.074688797,0.019685039,0.021276596,0.021276596,0,0.031055901,0.061830173,0.192307692,0.235294118,0.057471264,0.07027027,0.033333333,0.0375,0.068965517,Other
Subway,"6"" Roast Beef",0.124481328,0.031496063,0.035460993,0.042553191,0,0.049689441,0.112943116,0.288461538,0.294117647,0.08045977,0.124324324,0.044444444,0.05,0.103448276,Other
Subway,Footlong Roast Beef,0.257261411,0.062992126,0.070921986,0.085106383,0,0.099378882,0.228359439,0.576923077,0.588235294,0.16091954,0.254054054,0.088888889,0.1,0.206896552,Other
Subway,"6"" Rotisserie Style Chicken",0.136929461,0.039370079,0.042553191,0.031914894,0,0.062111801,0.086562242,0.282051282,0.294117647,0.08045977,0.151351351,0.044444444,0.05,0.103448276,Other
Subway,Footlong Rotisserie Style Chicken,0.282157676,0.078740157,0.085106383,0.063829787,0,0.124223602,0.175597692,0.564102564,0.588235294,0.16091954,0.308108108,0.088888889,0.1,0.206896552,Other
Subway,"6"" Spicy Italian",0.190871369,0.173228346,0.170212766,0.191489362,0.125,0.062111801,0.248145095,0.294871795,0.294117647,0.091954023,0.102702703,0.044444444,0.05,0.103448276,Other
Subway,Footlong Spicy Italian,0.390041494,0.346456693,0.340425532,0.382978723,0.25,0.124223602,0.498763397,0.58974359,0.588235294,0.183908046,0.210810811,0.088888889,0.1,0.206896552,Other
Subway,"6"" Steak and Cheese",0.149377593,0.070866142,0.070921986,0.106382979,0,0.062111801,0.172300082,0.307692308,0.294117647,0.091954023,0.135135135,0.055555556,0.05,0.137931034,Other
Subway,Footlong Steak and Cheese,0.307053942,0.141732283,0.141843972,0.212765957,0,0.124223602,0.347073372,0.615384615,0.588235294,0.183908046,0.275675676,0.111111111,0.1,0.275862069,Other
Subway,"6"" Subway Club",0.12033195,0.031496063,0.035460993,0.042553191,0,0.049689441,0.142621599,0.294871795,0.294117647,0.08045977,0.118918919,0.044444444,0.05,0.103448276,Other
Subway,Footlong Subway Club,0.248962656,0.062992126,0.070921986,0.085106383,0,0.099378882,0.287716406,0.58974359,0.588235294,0.16091954,0.243243243,0.088888889,0.1,0.206896552,Other
Subway,"6"" Subway Melt (includes cheese)",0.145228216,0.078740157,0.078014184,0.106382979,0,0.055900621,0.197032152,0.301282051,0.294117647,0.091954023,0.118918919,0.055555556,0.05,0.137931034,Other
Subway,Footlong Subway Melt (includes cheese),0.298755187,0.157480315,0.156028369,0.212765957,0,0.111801242,0.231657049,0.602564103,0.588235294,0.183908046,0.243243243,0.111111111,0.1,0.275862069,Other
Subway,"6"" Subway Seafood Sensation",0.165975104,0.133858268,0.134751773,0.063829787,0,0.02484472,0.111294312,0.326923077,0.294117647,0.091954023,0.064864865,0.055555556,0.05,0.120689655,Other
Subway,Footlong Subway Seafood Sensation,0.340248963,0.267716535,0.269503546,0.127659574,0,0.049689441,0.22506183,0.653846154,0.588235294,0.183908046,0.135135135,0.111111111,0.1,0.24137931,Other
Subway,"6"" Sweet Onion Chicken Teriyaki",0.149377593,0.031496063,0.035460993,0.021276596,0,0.062111801,0.145919209,0.378205128,0.294117647,0.206896552,0.135135135,0.044444444,0.075,0.120689655,Other
Subway,Footlong Sweet Onion Chicken Teriyaki,0.307053942,0.062992126,0.070921986,0.042553191,0,0.124223602,0.294311624,0.756410256,0.588235294,0.413793103,0.275675676,0.088888889,0.15,0.24137931,Other
Subway,"6"" Tuna",0.186721992,0.165354331,0.170212766,0.085106383,0,0.037267081,0.099752679,0.282051282,0.294117647,0.068965517,0.102702703,0.044444444,0.05,0.103448276,Other
Subway,Footlong Tuna,0.381742739,0.330708661,0.340425532,0.170212766,0,0.074534161,0.201978566,0.564102564,0.588235294,0.137931034,0.210810811,0.088888889,0.1,0.206896552,Other
Subway,"6"" Turkey & Bacon Avocado",0.153526971,0.086614173,0.092198582,0.074468085,0,0.037267081,0.13932399,0.314102564,0.470588235,0.08045977,0.113513514,0.055555556,0.5,0.103448276,Other
Subway,Footlong Turkey & Bacon Avocado,0.315352697,0.173228346,0.184397163,0.14893617,0,0.074534161,0.281121187,0.628205128,0.941176471,0.16091954,0.232432432,0.111111111,1,0.206896552,Other
Subway,Kids Mini Sub Turkey Breast,0.066390041,0.015748031,0.014184397,0.010638298,0,0.01242236,0.060181369,0.192307692,0.176470588,0.057471264,0.048648649,0.033333333,0.0375,0.068965517,Other
Subway,"6"" Turkey Breast",0.107883817,0.023622047,0.028368794,0.021276596,0,0.02484472,0.131079967,0.294871795,0.294117647,0.08045977,0.091891892,0.044444444,0.05,0.103448276,Other
Subway,Footlong Turkey Breast,0.22406639,0.047244094,0.056737589,0.042553191,0,0.049689441,0.264633141,0.58974359,0.588235294,0.16091954,0.189189189,0.088888889,0.1,0.206896552,Other
Subway,"6"" Turkey Breast & Ham",0.107883817,0.027559055,0.028368794,0.021276596,0,0.02484472,0.132728772,0.294871795,0.294117647,0.091954023,0.091891892,0.044444444,0.05,0.103448276,Other
Subway,Footlong Turkey Breast & Ham,0.22406639,0.05511811,0.056737589,0.042553191,0,0.049689441,0.26793075,0.58974359,0.588235294,0.183908046,0.189189189,0.088888889,0.1,0.206896552,Other
Subway,"6"" Turkey Italiano Melt (with Provolone)",0.195020747,0.165354331,0.170212766,0.191489362,0.125,0.062111801,0.241549876,0.301282051,0.294117647,0.091954023,0.124324324,0.055555556,0.05,0.155172414,Other
Subway,Footlong Turkey Italiano Melt (with Provolone),0.398340249,0.330708661,0.340425532,0.382978723,0.25,0.124223602,0.48557296,0.602564103,0.588235294,0.183908046,0.254054054,0.111111111,0.1,0.310344828,Other
Subway,Kids Mini Sub Veggie Delite,0.053941909,0.011811024,0.014184397,0,0,0,0.028854081,0.185897436,0.176470588,0.045977011,0.027027027,0.033333333,0.0375,0.068965517,Other
Subway,"6"" Veggie Delite",0.087136929,0.015748031,0.021276596,0.021276596,0,0,0.048639736,0.282051282,0.294117647,0.068965517,0.037837838,0.044444444,0.05,0.103448276,Other
Subway,Footlong Veggie Delite,0.182572614,0.031496063,0.042553191,0.042553191,0,0,0.099752679,0.564102564,0.588235294,0.137931034,0.081081081,0.088888889,0.1,0.206896552,Other
Subway,"6"" Veggie Patty",0.153526971,0.05511811,0.04964539,0.021276596,0,0.01242236,0.129431162,0.358974359,0.470588235,0.091954023,0.118918919,0.083333333,0.05,0.120689655,Other
Subway,Footlong Veggie Patty,0.315352697,0.11023622,0.09929078,0.042553191,0,0.02484472,0.261335532,0.717948718,0.941176471,0.183908046,0.243243243,0.166666667,0.05,0.24137931,Other
Subway,Autumn Carved Turkey Salad,0.116182573,0.062992126,0.063829787,0.063829787,0,0.074534161,0.18219291,0.166666667,0.176470588,0.252873563,0.12972973,0.222222222,0.1,0.051724138,Other
Subway,B.L.T. Salad,0.053941909,0.05511811,0.056737589,0.085106383,0,0.02484472,0.066776587,0.064102564,0.235294118,0.057471264,0.048648649,0.277777778,0.125,0.020689655,Other
Subway,Big Hot Pastrami Melt Salad,0.157676349,0.236220472,0.205673759,0.234042553,0,0.105590062,0.20362737,0.076923077,0.235294118,0.045977011,0.118918919,0.138888889,0.175,0.034482759,Other
Subway,Big Philly Cheesesteak Salad,0.128630705,0.11023622,0.113475177,0.170212766,0.125,0.105590062,0.175597692,0.108974359,0.294117647,0.068965517,0.167567568,0.333333333,0.125,0.086206897,Other
Subway,Black Forest Ham Salad,0.037344398,0.019685039,0.021276596,0.021276596,0,0.02484472,0.094806265,0.070512821,0.235294118,0.068965517,0.059459459,0.138888889,0.1125,0.013793103,Other
Subway,Buffalo Chicken Salad (with Ranch dressing),0.141078838,0.181102362,0.184397163,0.085106383,0,0.074534161,0.178895301,0.083333333,0.235294118,0.068965517,0.102702703,0.277777778,0.15,0.027586207,Other
Subway,Carved Turkey & Bacon w/ Cheese Salad,0.107883817,0.086614173,0.085106383,0.095744681,0,0.080745342,0.215169002,0.070512821,0.235294118,0.057471264,0.145945946,0.277777778,0.125,0.051724138,Other
Subway,Carved Turkey Salad,0.053941909,0.023622047,0.028368794,0,0,0.055900621,0.109645507,0.051282051,0.176470588,0.034482759,0.097297297,0.222222222,0.1,0.020689655,Other
Subway,Chicken & Bacon Ranch Melt Salad (includes Ranch dressing),0.203319502,0.267716535,0.269503546,0.255319149,0.125,0.124223602,0.169002473,0.08974359,0.235294118,0.08045977,0.156756757,0.333333333,0.15,0.103448276,Other
Subway,Cold Cut Combo Salad,0.066390041,0.07480315,0.078014184,0.085106383,0,0.055900621,0.132728772,0.076923077,0.235294118,0.057471264,0.059459459,0.277777778,0.125,0.034482759,Other
Subway,Double Chicken Salad,0.082987552,0.027559055,0.035460993,0.031914894,0,0.124223602,0.078318219,0.064102564,0.235294118,0.045977011,0.189189189,0.277777778,0.15,0.027586207,Other
Subway,Italian B.M.T.Â® Salad,0.087136929,0.106299213,0.106382979,0.127659574,0,0.055900621,0.172300082,0.076923077,0.235294118,0.068965517,0.07027027,0.277777778,0.125,0.020689655,Other
Subway,Italian Hero Salad,0.087136929,0.11023622,0.106382979,0.106382979,0,0.055900621,0.172300082,0.083333333,0.235294118,0.091954023,0.07027027,0.222222222,0.15,0.013793103,Other
Subway,Meatball Marinara Salad,0.12033195,0.118110236,0.120567376,0.14893617,0.125,0.037267081,0.116240725,0.16025641,0.352941176,0.114942529,0.081081081,0.333333333,0.175,0.034482759,Other
Subway,Oven Roasted Chicken Salad,0.049792531,0.019685039,0.021276596,0.010638298,0,0.062111801,0.043693322,0.064102564,0.235294118,0.045977011,0.097297297,0.277777778,0.15,0.027586207,Other
Subway,Roast Beef Salad,0.049792531,0.023622047,0.028368794,0.021276596,0,0.049689441,0.071723001,0.064102564,0.235294118,0.057471264,0.091891892,0.138888889,0.1125,0.013793103,Other
Subway,Spicy Italian Salad,0.12033195,0.161417323,0.163120567,0.191489362,0.125,0.062111801,0.208573784,0.070512821,0.235294118,0.068965517,0.075675676,0.277777778,0.125,0.027586207,Other
Subway,Steak & Cheese Salad,0.078838174,0.059055118,0.056737589,0.085106383,0,0.062111801,0.134377576,0.08974359,0.235294118,0.068965517,0.102702703,0.277777778,0.125,0.051724138,Other
Subway,Subway Club Salad,0.049792531,0.023622047,0.028368794,0.021276596,0,0.049689441,0.103050289,0.070512821,0.235294118,0.057471264,0.086486486,0.138888889,0.1125,0.020689655,Other
Subway,Subway MeltÂ® Salad,0.074688797,0.066929134,0.070921986,0.106382979,0,0.055900621,0.147568013,0.083333333,0.235294118,0.068965517,0.091891892,0.277777778,0.125,0.051724138,Other
Subway,Sweet Onion Chicken Teriyaki Salad,0.074688797,0.019685039,0.021276596,0.021276596,0,0.062111801,0.106347898,0.153846154,0.235294118,0.183908046,0.102702703,0.138888889,0.125,0.020689655,Other
Subway,Tuna Salad,0.12033195,0.169291339,0.170212766,0.085106383,0,0.049689441,0.058532564,0.064102564,0.235294118,0.045977011,0.075675676,0.277777778,0.125,0.020689655,Other
Subway,Turkey Breast & Ham Salad,0.037344398,0.015748031,0.021276596,0.021276596,0,0.031055901,0.093157461,0.070512821,0.235294118,0.057471264,0.059459459,0.138888889,0.1125,0.020689655,Other
Subway,Turkey Breast Salad,0.037344398,0.015748031,0.014184397,0.021276596,0,0.02484472,0.091508656,0.070512821,0.235294118,0.057471264,0.059459459,0.138888889,0.1125,0.020689655,Other
Subway,Veggie Delite Salad,0.012448133,0.007874016,0.007092199,0,0,0,0.008244023,0.057692308,0.235294118,0.045977011,0.010810811,0.138888889,0.1125,0.013793103,Other
Subway,Chipotle Southwest Steak & Cheese Wrap,0.307053942,0.25984252,0.262411348,0.255319149,0.125,0.124223602,0.368507832,0.416666667,0.235294118,0.08045977,0.227027027,0.083333333,0.1125,0.103448276,Other
Subway,Rotisserie-Style Chicken Caesar Wrap,0.294605809,0.244094488,0.241134752,0.212765957,0.0625,0.167701863,0.31079967,0.33974359,0.176470588,0.045977011,0.291891892,0.083333333,0.02,0.155172414,Other
Subway,"Turkey, Bacon & Guacamole Wrap",0.32780083,0.299212598,0.29787234,0.276595745,0.0625,0.093167702,0.487221764,0.397435897,0.176470588,0.068965517,0.227027027,0.055555556,0.075,0.103448276,Other
Subway,Cheese & Veggies Pizza,0.298755187,0.181102362,0.177304965,0.234042553,0,0.062111801,0.206924979,0.641025641,0.294117647,0.103448276,0.189189189,0.194444444,0.075,0.206896552,Other
Subway,Cheese Pizza,0.273858921,0.157480315,0.156028369,0.191489362,0,0.049689441,0.173948887,0.615384615,0.235294118,0.08045977,0.167567568,0.138888889,0.01,0.155172414,Other
Subway,Pepperoni Pizza,0.319502075,0.228346457,0.226950355,0.276595745,0,0.074534161,0.220115416,0.615384615,0.235294118,0.091954023,0.2,0.166666667,0.01,0.206896552,Other
Subway,Sausage Pizza,0.331950207,0.244094488,0.241134752,0.29787234,0,0.086956522,0.231657049,0.621794872,0.235294118,0.091954023,0.205405405,0.166666667,0.01,0.206896552,Other
Taco Bell,1/2 lb.* Cheesy Potato Burrito,0.215767635,0.181102362,0.184397163,0.14893617,0.125,0.055900621,0.221764221,0.378205128,0.411764706,0.045977011,0.097297297,0.055555556,0.025,0.068965517,Other
Taco Bell,1/2 lb.* Combo Burrito,0.182572614,0.133858268,0.127659574,0.14893617,0.125,0.055900621,0.215169002,0.33974359,0.529411765,0.034482759,0.108108108,0.055555556,0.025,0.068965517,Other
Taco Bell,7-Layer Burrito,0.203319502,0.133858268,0.134751773,0.14893617,0,0.02484472,0.177246496,0.435897436,0.647058824,0.045977011,0.081081081,0.055555556,0.025,0.068965517,Other
Taco Bell,Bean Burrito,0.145228216,0.078740157,0.078014184,0.085106383,0,0.00621118,0.155812036,0.358974359,0.529411765,0.034482759,0.064864865,0.055555556,0.025,0.068965517,Other
Taco Bell,Beefy 5-Layer Burrito,0.219917012,0.157480315,0.156028369,0.170212766,0,0.043478261,0.206924979,0.435897436,0.470588235,0.057471264,0.097297297,0.055555556,0.025,0.068965517,Other
Taco Bell,Beefy FritosÂ® Burrito,0.174273859,0.125984252,0.127659574,0.106382979,0,0.02484472,0.167353669,0.352564103,0.235294118,0.034482759,0.064864865,0.055555556,0.025,0.068965517,Other
Taco Bell,Black Bean Burrito,0.161825726,0.086614173,0.085106383,0.085106383,0,0.01242236,0.178895301,0.397435897,0.470588235,0.034482759,0.07027027,0.055555556,0.025,0.068965517,Other
Taco Bell,Burrito SupremeÂ® â€“ Beef,0.165975104,0.11023622,0.113475177,0.14893617,0,0.043478261,0.177246496,0.33974359,0.470588235,0.057471264,0.081081081,0.055555556,0.025,0.068965517,Other
Taco Bell,Burrito SupremeÂ® - Chicken,0.153526971,0.086614173,0.085106383,0.106382979,0,0.049689441,0.170651278,0.333333333,0.411764706,0.057471264,0.097297297,0.055555556,0.025,0.068965517,Other
Taco Bell,Burrito SupremeÂ® - Steak,0.153526971,0.094488189,0.092198582,0.106382979,0,0.037267081,0.177246496,0.333333333,0.411764706,0.057471264,0.086486486,0.055555556,0.025,0.068965517,Other
Taco Bell,Cantina Power Burrito - Chicken,0.307053942,0.188976378,0.191489362,0.127659574,0,0.074534161,0.320692498,0.615384615,0.705882353,0.08045977,0.167567568,0.055555556,0.025,0.068965517,Other
Taco Bell,Cantina Power Burrito - Steak,0.315352697,0.196850394,0.19858156,0.14893617,0,0.062111801,0.31079967,0.628205128,0.764705882,0.08045977,0.172972973,0.055555556,0.025,0.068965517,Other
Taco Bell,Cantina Power Burrito - Veggie,0.298755187,0.181102362,0.184397163,0.106382979,0,0.01242236,0.286067601,0.685897436,1,0.091954023,0.102702703,0.055555556,0.025,0.068965517,Other
Taco Bell,Cheesy Bean and Rice Burrito,0.165975104,0.125984252,0.120567376,0.074468085,0,0,0.150865622,0.352564103,0.352941176,0.045977011,0.054054054,0.055555556,0.025,0.068965517,Other
Taco Bell,Chili Cheese Burrito,0.149377593,0.118110236,0.120567376,0.170212766,0.125,0.043478261,0.150865622,0.262820513,0.294117647,0.022988506,0.081081081,0.055555556,0.025,0.068965517,Other
Taco Bell,Chicken Crunchy Cheesy Core Burrito,0.244813278,0.165354331,0.170212766,0.191489362,0,0.068322981,0.24649629,0.474358974,0.294117647,0.057471264,0.12972973,0.055555556,0.01,0.120689655,Other
Taco Bell,Steak Crunchy Cheesy Core Burrito,0.244813278,0.173228346,0.170212766,0.191489362,0,0.062111801,0.248145095,0.480769231,0.294117647,0.057471264,0.12972973,0.055555556,0.01,0.137931034,Other
Taco Bell,Beef Crunchy Cheesy Core Burrito,0.253112033,0.188976378,0.184397163,0.212765957,0.0625,0.055900621,0.249793899,0.487179487,0.411764706,0.057471264,0.113513514,0.083333333,0.01,0.120689655,Other
Taco Bell,Loaded Taco Burrito,0.219917012,0.204724409,0.205673759,0.191489362,0.0625,0.062111801,0.183841715,0.333333333,0.411764706,0.045977011,0.102702703,0.083333333,0.015,0.068965517,Other
Taco Bell,Chicken Quesarito,0.248962656,0.212598425,0.212765957,0.212765957,0,0.074534161,0.234954658,0.41025641,0.235294118,0.045977011,0.124324324,0.055555556,0.025,0.068965517,Other
Taco Bell,Steak Quesarito,0.253112033,0.220472441,0.219858156,0.234042553,0.0625,0.080745342,0.230008244,0.41025641,0.176470588,0.045977011,0.12972973,0.055555556,0.025,0.068965517,Other
Taco Bell,Beef Quesarito,0.261410788,0.236220472,0.241134752,0.255319149,0.0625,0.074534161,0.236603462,0.416666667,0.352941176,0.057471264,0.113513514,0.055555556,0.025,0.068965517,Other
Taco Bell,Shredded Chicken Burrito,0.157676349,0.125984252,0.127659574,0.095744681,0,0.037267081,0.155812036,0.288461538,0.176470588,0.034482759,0.081081081,0.055555556,0.025,0.068965517,Other
Taco Bell,Smothered Burrito - Beef,0.286307054,0.251968504,0.24822695,0.276595745,0.125,0.093167702,0.370156636,0.448717949,0.588235294,0.045977011,0.145945946,0.055555556,0.025,0.068965517,Other
Taco Bell,Smothered Burrito - Shredded Chicken,0.261410788,0.196850394,0.19858156,0.212765957,0,0.086956522,0.365210223,0.429487179,0.470588235,0.045977011,0.178378378,0.055555556,0.025,0.068965517,Other
Taco Bell,Smothered Burrito - Steak,0.269709544,0.204724409,0.205673759,0.234042553,0.0625,0.099378882,0.340478153,0.435897436,0.411764706,0.045977011,0.183783784,0.055555556,0.025,0.068965517,Other
Taco Bell,Chicken Spicy Cheesy Core Burrito,0.215767635,0.141732283,0.141843972,0.170212766,0,0.068322981,0.284418796,0.423076923,0.294117647,0.057471264,0.124324324,0.083333333,0.02,0.120689655,Other
Taco Bell,Steak Spicy Cheesy Core Burrito,0.219917012,0.149606299,0.14893617,0.191489362,0,0.062111801,0.286067601,0.423076923,0.294117647,0.057471264,0.124324324,0.055555556,0.015,0.120689655,Other
Taco Bell,Beef Spicy Cheesy Core Burrito,0.228215768,0.165354331,0.163120567,0.212765957,0.0625,0.055900621,0.287716406,0.435897436,0.411764706,0.057471264,0.113513514,0.083333333,0.015,0.120689655,Other
Taco Bell,Triple Melt Burrito,0.161825726,0.11023622,0.113475177,0.127659574,0,0.037267081,0.167353669,0.320512821,0.235294118,0.034482759,0.075675676,0.033333333,0.005,0.068965517,Other
Taco Bell,XXL Grilled Stuft Burrito - Beef,0.356846473,0.299212598,0.29787234,0.29787234,0.125,0.093167702,0.330585326,0.602564103,0.705882353,0.068965517,0.162162162,0.055555556,0.025,0.068965517,Other
Taco Bell,XXL Grilled Stuft Burrito - Chicken,0.336099585,0.251968504,0.24822695,0.234042553,0,0.105590062,0.317394889,0.583333333,0.588235294,0.068965517,0.194594595,0.055555556,0.025,0.068965517,Other
Taco Bell,XXL Grilled Stuft Burrito - Steak,0.331950207,0.251968504,0.255319149,0.255319149,0.125,0.086956522,0.330585326,0.583333333,0.588235294,0.08045977,0.172972973,0.055555556,0.025,0.068965517,Other
Taco Bell,Chicken Soft Taco,0.062240664,0.039370079,0.042553191,0.063829787,0,0.037267081,0.073371805,0.115384615,0.058823529,0.011494253,0.059459459,0.055555556,0.025,0.068965517,Other
Taco Bell,Cool RanchÂ® DoritosÂ® Double DeckerÂ® Taco,0.124481328,0.094488189,0.09929078,0.106382979,0,0.031055901,0.124484749,0.230769231,0.352941176,0.022988506,0.064864865,0.055555556,0.025,0.068965517,Other
Taco Bell,Cool RanchÂ® DoritosÂ® Locos Taco,0.058091286,0.070866142,0.070921986,0.074468085,0,0.031055901,0.055234955,0.083333333,0.117647059,0.011494253,0.037837838,0.055555556,0.025,0.068965517,Other
Taco Bell,Cool RanchÂ® DoritosÂ® Locos Taco Supreme,0.074688797,0.078740157,0.085106383,0.095744681,0,0.043478261,0.058532564,0.096153846,0.176470588,0.034482759,0.043243243,0.055555556,0.025,0.068965517,Other
Taco Bell,Crunchy Taco,0.062240664,0.070866142,0.070921986,0.085106383,0,0.031055901,0.045342127,0.076923077,0.176470588,0.011494253,0.037837838,0.055555556,0.025,0.068965517,Other
Taco Bell,Crunchy Taco SupremeÂ®,0.074688797,0.086614173,0.085106383,0.106382979,0,0.043478261,0.050288541,0.096153846,0.176470588,0.022988506,0.043243243,0.055555556,0.025,0.068965517,Other
Taco Bell,Double DeckerÂ® Taco,0.124481328,0.094488189,0.09929078,0.106382979,0,0.031055901,0.103050289,0.237179487,0.411764706,0.022988506,0.064864865,0.055555556,0.025,0.068965517,Other
Taco Bell,DOUBLE DECKERÂ® Taco SupremeÂ®,0.136929461,0.11023622,0.113475177,0.127659574,0,0.043478261,0.107996702,0.256410256,0.411764706,0.034482759,0.07027027,0.055555556,0.025,0.068965517,Other
Taco Bell,Spicy Sweet Double Stacked Taco,0.132780083,0.125984252,0.127659574,0.14893617,0,0.043478261,0.103050289,0.205128205,0.235294118,0.068965517,0.059459459,0.055555556,0.005,0.051724138,Other
Taco Bell,Cool Ranch Habanero Double Stacked Taco,0.136929461,0.141732283,0.141843972,0.170212766,0.0625,0.049689441,0.101401484,0.192307692,0.235294118,0.034482759,0.064864865,0.083333333,0.005,0.068965517,Other
Taco Bell,Nacho Crunch Double Stacked Taco,0.149377593,0.133858268,0.134751773,0.127659574,0,0.043478261,0.104699093,0.25,0.294117647,0.022988506,0.064864865,0.044444444,0.005,0.068965517,Other
Taco Bell,Fiery DoritosÂ® Double DeckerÂ® Taco,0.124481328,0.094488189,0.092198582,0.106382979,0,0.031055901,0.124484749,0.230769231,0.411764706,0.022988506,0.07027027,0.055555556,0.025,0.068965517,Other
Taco Bell,Fiery DoritosÂ® Locos Taco,0.062240664,0.070866142,0.070921986,0.074468085,0,0.031055901,0.058532564,0.076923077,0.176470588,0.011494253,0.037837838,0.055555556,0.025,0.068965517,Other
Taco Bell,Fiery DoritosÂ® Locos Taco Supreme,0.074688797,0.086614173,0.085106383,0.106382979,0,0.037267081,0.061830173,0.096153846,0.176470588,0.022988506,0.043243243,0.055555556,0.025,0.068965517,Other
Taco Bell,Grilled Steak Soft Taco,0.095435685,0.102362205,0.09929078,0.085106383,0,0.037267081,0.088211047,0.121794872,0.117647059,0.022988506,0.054054054,0.055555556,0.025,0.068965517,Other
Taco Bell,Nacho Cheese DoritosÂ® Double DeckerÂ® Taco,0.124481328,0.094488189,0.092198582,0.106382979,0,0.031055901,0.122835944,0.230769231,0.411764706,0.022988506,0.07027027,0.055555556,0.025,0.068965517,Other
Taco Bell,Nacho Cheese DoritosÂ® Locos Tacos,0.062240664,0.062992126,0.063829787,0.085106383,0,0.031055901,0.05358615,0.083333333,0.117647059,0.011494253,0.037837838,0.055555556,0.025,0.068965517,Other
Taco Bell,Nacho Cheese DoritosÂ® Locos Tacos Supreme,0.074688797,0.078740157,0.078014184,0.106382979,0,0.043478261,0.058532564,0.096153846,0.176470588,0.022988506,0.043243243,0.055555556,0.025,0.068965517,Other
Taco Bell,Soft Taco SupremeÂ® â€“ Beef,0.087136929,0.078740157,0.078014184,0.106382979,0,0.043478261,0.084913438,0.141025641,0.176470588,0.034482759,0.048648649,0.055555556,0.025,0.068965517,Other
Taco Bell,Soft Taco-Beef,0.074688797,0.062992126,0.063829787,0.085106383,0,0.031055901,0.081615829,0.121794872,0.176470588,0.011494253,0.048648649,0.055555556,0.025,0.068965517,Other
Taco Bell,Spicy Potato Soft Taco,0.095435685,0.094488189,0.092198582,0.063829787,0,0.01242236,0.081615829,0.179487179,0.176470588,0.011494253,0.027027027,0.055555556,0.025,0.068965517,Other
Taco Bell,Chalupa SupremeÂ® - Chicken,0.132780083,0.125984252,0.127659574,0.085106383,0,0.049689441,0.084913438,0.185897436,0.176470588,0.045977011,0.081081081,0.055555556,0.025,0.068965517,Other
Taco Bell,Chalupa SupremeÂ® - Steak,0.132780083,0.133858268,0.127659574,0.085106383,0,0.037267081,0.091508656,0.185897436,0.176470588,0.045977011,0.07027027,0.055555556,0.025,0.068965517,Other
Taco Bell,Chalupa SupremeÂ®â€“Beef,0.145228216,0.149606299,0.14893617,0.106382979,0,0.037267081,0.091508656,0.198717949,0.235294118,0.045977011,0.064864865,0.055555556,0.025,0.068965517,Other
Taco Bell,Double Chalupa,0.2406639,0.244094488,0.24822695,0.170212766,0.0625,0.062111801,0.164056059,0.320512821,0.352941176,0.057471264,0.108108108,0.083333333,0.01,0.051724138,Other
Taco Bell,Wild Naked Chicken Chalupa,0.165975104,0.196850394,0.19858156,0.127659574,0,0.080745342,0.173948887,0.147435897,0.235294118,0.022988506,0.097297297,0.033333333,0.01,0.020689655,Other
Taco Bell,Mild Naked Chicken Chalupa,0.174273859,0.212598425,0.212765957,0.14893617,0,0.086956522,0.177246496,0.141025641,0.176470588,0.011494253,0.102702703,0.033333333,0.01,0.020689655,Other
Taco Bell,Spicy Double Chalupa,0.2406639,0.244094488,0.24822695,0.170212766,0.0625,0.062111801,0.201978566,0.333333333,0.411764706,0.057471264,0.108108108,0.083333333,0.02,0.051724138,Other
Taco Bell,Fresco Bean Burrito,0.136929461,0.062992126,0.063829787,0.063829787,0,0,0.154163232,0.365384615,0.529411765,0.034482759,0.054054054,0.055555556,0.025,0.068965517,Other
Taco Bell,Fresco Burrito SupremeÂ® â€“ Chicken,0.132780083,0.062992126,0.056737589,0.063829787,0,0.031055901,0.165704864,0.320512821,0.411764706,0.045977011,0.086486486,0.055555556,0.025,0.068965517,Other
Taco Bell,Fresco Burrito SupremeÂ® â€“ Steak,0.132780083,0.062992126,0.063829787,0.063829787,0,0.01863354,0.172300082,0.320512821,0.411764706,0.045977011,0.075675676,0.055555556,0.025,0.068965517,Other
Taco Bell,Fresco Chicken Soft Taco,0.053941909,0.027559055,0.028368794,0.021276596,0,0.031055901,0.073371805,0.115384615,0.117647059,0.022988506,0.054054054,0.055555556,0.025,0.068965517,Other
Taco Bell,Fresco Crunchy Taco,0.049792531,0.05511811,0.056737589,0.042553191,0,0.02484472,0.045342127,0.083333333,0.176470588,0.011494253,0.027027027,0.055555556,0.025,0.068965517,Other
Taco Bell,Fresco Grilled Steak Soft Taco,0.053941909,0.027559055,0.028368794,0.042553191,0,0.01863354,0.079967024,0.121794872,0.117647059,0.022988506,0.043243243,0.055555556,0.025,0.068965517,Other
Taco Bell,Fresco Soft Taco,0.062240664,0.047244094,0.04964539,0.063829787,0,0.02484472,0.079967024,0.128205128,0.176470588,0.022988506,0.037837838,0.055555556,0.025,0.068965517,Other
Taco Bell,Cheesy Gordita Crunch,0.195020747,0.204724409,0.205673759,0.212765957,0.125,0.068322981,0.131079967,0.25,0.294117647,0.068965517,0.102702703,0.055555556,0.025,0.068965517,Other
Taco Bell,DoritosÂ® Cheesy Gordita Crunch - Cool Ranch,0.195020747,0.196850394,0.19858156,0.212765957,0.125,0.068322981,0.144270404,0.256410256,0.294117647,0.057471264,0.102702703,0.055555556,0.025,0.068965517,Other
Taco Bell,DoritosÂ® Cheesy Gordita Crunch - Fiery,0.195020747,0.196850394,0.19858156,0.212765957,0.125,0.068322981,0.144270404,0.256410256,0.294117647,0.045977011,0.102702703,0.055555556,0.025,0.068965517,Other
Taco Bell,DoritosÂ® Cheesy Gordita Crunch - Nacho Cheese,0.195020747,0.196850394,0.19858156,0.212765957,0.125,0.068322981,0.142621599,0.256410256,0.294117647,0.057471264,0.102702703,0.055555556,0.025,0.068965517,Other
Taco Bell,Double Cheesy Gordita Crunch,0.228215768,0.228346457,0.226950355,0.255319149,0.125,0.086956522,0.180544106,0.282051282,0.411764706,0.057471264,0.12972973,0.083333333,0.005,0.103448276,Other
Taco Bell,Gordita SupremeÂ® â€“ Beef,0.116182573,0.094488189,0.09929078,0.106382979,0,0.037267081,0.088211047,0.198717949,0.235294118,0.068965517,0.064864865,0.055555556,0.025,0.068965517,Other
Taco Bell,Gordita SupremeÂ® - Chicken,0.10373444,0.070866142,0.070921986,0.085106383,0,0.049689441,0.081615829,0.185897436,0.117647059,0.068965517,0.081081081,0.055555556,0.025,0.068965517,Other
Taco Bell,Gordita SupremeÂ® - Steak,0.10373444,0.070866142,0.078014184,0.085106383,0,0.037267081,0.088211047,0.185897436,0.117647059,0.068965517,0.07027027,0.055555556,0.025,0.068965517,Other
Taco Bell,Nacho Fries Bellgrande,0.286307054,0.283464567,0.290780142,0.127659574,0,0.037267081,0.231657049,0.467948718,0.588235294,0.045977011,0.064864865,0.055555556,0.01,0.027586207,Other
Taco Bell,Nachos BellGrandeÂ®,0.307053942,0.283464567,0.276595745,0.127659574,0,0.037267081,0.178895301,0.525641026,0.764705882,0.057471264,0.091891892,0.055555556,0.025,0.068965517,Other
Taco Bell,Nachos Supreme,0.170124481,0.165354331,0.163120567,0.106382979,0,0.037267081,0.111294312,0.282051282,0.411764706,0.034482759,0.059459459,0.055555556,0.025,0.068965517,Other
Taco Bell,Triple Layer Nachos,0.124481328,0.11023622,0.106382979,0.031914894,0,0,0.09645507,0.262820513,0.352941176,0.022988506,0.032432432,0.055555556,0.025,0.068965517,Other
Taco Bell,Triple Melt Nachos,0.099585062,0.11023622,0.113475177,0.095744681,0,0.037267081,0.088211047,0.121794872,0.176470588,0.011494253,0.048648649,0.033333333,0,0.034482759,Other
Taco Bell,Beefy Cheddar Crunchwrap Slider,0.161825726,0.133858268,0.134751773,0.127659574,0,0.031055901,0.155812036,0.294871795,0.235294118,0.034482759,0.07027027,0.055555556,0.025,0.068965517,Other
Taco Bell,Beefy Mini Quesadilla,0.078838174,0.086614173,0.085106383,0.085106383,0,0.031055901,0.089859852,0.108974359,0.176470588,0.011494253,0.043243243,0.055555556,0.025,0.068965517,Other
Taco Bell,Beefy Nacho Griller,0.165975104,0.133858268,0.134751773,0.095744681,0,0.02484472,0.140972795,0.314102564,0.294117647,0.034482759,0.059459459,0.055555556,0.025,0.068965517,Other
Taco Bell,BLT Crunchwrap Slider,0.170124481,0.165354331,0.163120567,0.106382979,0,0.02484472,0.145919209,0.275641026,0.176470588,0.045977011,0.059459459,0.055555556,0.025,0.068965517,Other
Taco Bell,Cantina Power Bowl - Chicken,0.22406639,0.157480315,0.156028369,0.085106383,0,0.074534161,0.248145095,0.41025641,0.529411765,0.045977011,0.135135135,0.055555556,0.025,0.068965517,Other
Taco Bell,Cantina Power Bowl - Steak,0.232365145,0.165354331,0.163120567,0.085106383,0,0.062111801,0.238252267,0.423076923,0.588235294,0.045977011,0.140540541,0.055555556,0.025,0.068965517,Other
Taco Bell,Cantina Power Bowl - Veggie,0.215767635,0.149606299,0.14893617,0.063829787,0,0.01242236,0.213520198,0.480769231,0.823529412,0.045977011,0.07027027,0.055555556,0.025,0.068965517,Other
Taco Bell,Cheese Quesadilla,0.190871369,0.188976378,0.191489362,0.234042553,0.125,0.062111801,0.162407255,0.256410256,0.235294118,0.034482759,0.097297297,0.055555556,0.025,0.068965517,Other
Taco Bell,Cheese Roll-Up,0.070539419,0.062992126,0.063829787,0.106382979,0,0.02484472,0.071723001,0.115384615,0.117647059,0.011494253,0.043243243,0.055555556,0.025,0.068965517,Other
Taco Bell,Chicken Quesadilla,0.20746888,0.196850394,0.19858156,0.255319149,0.125,0.093167702,0.197032152,0.262820513,0.235294118,0.034482759,0.140540541,0.055555556,0.025,0.068965517,Other
Taco Bell,Chickstar,0.248962656,0.267716535,0.262411348,0.170212766,0,0.062111801,0.210222589,0.33974359,0.235294118,0.045977011,0.086486486,0.044444444,0.015,0.051724138,Other
Taco Bell,Chili Cheese Burrito,0.149377593,0.118110236,0.120567376,0.170212766,0.125,0.043478261,0.150865622,0.262820513,0.294117647,0.022988506,0.081081081,0.055555556,0.025,0.068965517,Other
Taco Bell,Chipotle Crispy Chicken Griller,0.112033195,0.133858268,0.127659574,0.063829787,0,0.031055901,0.103050289,0.141025641,0.058823529,0.011494253,0.043243243,0.055555556,0.025,0.068965517,Other
Taco Bell,Crispy Chicken Quesadilla,0.261410788,0.267716535,0.262411348,0.276595745,0.0625,0.093167702,0.241549876,0.326923077,0.294117647,0.034482759,0.135135135,0.055555556,0.005,0.155172414,Other
Taco Bell,Crunchwrap SupremeÂ®,0.215767635,0.149606299,0.14893617,0.127659574,0,0.037267081,0.180544106,0.455128205,0.411764706,0.08045977,0.081081081,0.055555556,0.025,0.068965517,Other
Taco Bell,Double Tostada,0.10373444,0.078740157,0.078014184,0.085106383,0,0.01863354,0.104699093,0.205128205,0.470588235,0.022988506,0.059459459,0.055555556,0.025,0.068965517,Other
Taco Bell,Express Taco Salad w/ Chips,0.232365145,0.204724409,0.205673759,0.191489362,0.125,0.074534161,0.206924979,0.378205128,0.470588235,0.08045977,0.118918919,0.055555556,0.025,0.068965517,Other
Taco Bell,Loaded Potato Griller,0.186721992,0.157480315,0.156028369,0.127659574,0,0.031055901,0.18219291,0.352564103,0.235294118,0.057471264,0.064864865,0.055555556,0.025,0.068965517,Other
Taco Bell,Mexican Pizza,0.215767635,0.212598425,0.219858156,0.170212766,0.125,0.049689441,0.13932399,0.301282051,0.411764706,0.022988506,0.102702703,0.055555556,0.025,0.068965517,Other
Taco Bell,MexiMeltÂ®,0.10373444,0.102362205,0.09929078,0.14893617,0.125,0.049689441,0.119538335,0.134615385,0.176470588,0.022988506,0.07027027,0.055555556,0.025,0.068965517,Other
Taco Bell,Steak Quesalupa,0.174273859,0.165354331,0.163120567,0.212765957,0.0625,0.074534161,0.136026381,0.230769231,0.176470588,0.034482759,0.113513514,0.083333333,0.015,0.120689655,Other
Taco Bell,Chicken Quesalupa,0.174273859,0.157480315,0.163120567,0.212765957,0.0625,0.074534161,0.136026381,0.237179487,0.176470588,0.034482759,0.113513514,0.083333333,0.02,0.120689655,Other
Taco Bell,Beef Quesalupa,0.182572614,0.188976378,0.184397163,0.234042553,0.125,0.062111801,0.144270404,0.243589744,0.235294118,0.034482759,0.097297297,0.083333333,0.015,0.120689655,Other
Taco Bell,Shredded Chicken Mini Quesadilla,0.066390041,0.05511811,0.056737589,0.053191489,0,0.031055901,0.086562242,0.096153846,0.117647059,0.011494253,0.059459459,0.055555556,0.025,0.068965517,Other
Taco Bell,Spicy Chicken Crunchwrap Slider,0.157676349,0.141732283,0.141843972,0.085106383,0,0.031055901,0.145919209,0.269230769,0.176470588,0.034482759,0.075675676,0.055555556,0.025,0.068965517,Other
Taco Bell,Spicy Tostada,0.074688797,0.070866142,0.070921986,0.053191489,0,0.01242236,0.070074196,0.141025641,0.235294118,0.011494253,0.032432432,0.055555556,0.025,0.068965517,Other
Taco Bell,Stacker,0.153526971,0.133858268,0.127659574,0.170212766,0.0625,0.049689441,0.170651278,0.25,0.235294118,0.034482759,0.091891892,0.044444444,0.005,0.103448276,Other
Taco Bell,Steak Quesadilla,0.20746888,0.196850394,0.19858156,0.255319149,0.125,0.080745342,0.20362737,0.262820513,0.235294118,0.034482759,0.12972973,0.055555556,0.025,0.068965517,Other
Taco Bell,Original Triple Double Crunchwrap,0.282157676,0.212598425,0.212765957,0.191489362,0.0625,0.055900621,0.253091509,0.544871795,0.529411765,0.08045977,0.118918919,0.083333333,0.015,0.086206897,Other
Taco Bell,Spicy Triple Double Crunchwrap,0.315352697,0.267716535,0.269503546,0.212765957,0.0625,0.062111801,0.302555647,0.557692308,0.529411765,0.091954023,0.118918919,0.111111111,0.025,0.086206897,Other
Taco Bell,Express Taco Salad w/ Chips,0.232365145,0.204724409,0.205673759,0.191489362,0.125,0.074534161,0.206924979,0.378205128,0.470588235,0.08045977,0.118918919,0.055555556,0.025,0.068965517,Other
Taco Bell,Fiesta Taco Salad-Beef,0.315352697,0.299212598,0.29787234,0.212765957,0.125,0.074534161,0.218466612,0.474358974,0.647058824,0.08045977,0.135135135,0.055555556,0.025,0.068965517,Other
Taco Bell,Fiesta Taco Salad-Chicken,0.290456432,0.251968504,0.24822695,0.14893617,0,0.086956522,0.205276175,0.448717949,0.470588235,0.091954023,0.167567568,0.055555556,0.025,0.068965517,Other
Taco Bell,Fiesta Taco Salad-Steak,0.290456432,0.251968504,0.255319149,0.170212766,0.125,0.068322981,0.218466612,0.448717949,0.470588235,0.091954023,0.145945946,0.055555556,0.025,0.068965517,Other